ID,Kingdom,Phylum,Class,Order,Familiy,genus,species,strain,,,,,,,,,,,,,,,,,
FCTA_STRAW,Bacteria,Actinobacteria,Actinobacteria,Streptomycetales,Streptomycetaceae,Streptomyces,avermitilis,(strain,ATCC,31267,/,DSM,46492,/,JCM,5070,/,NCIMB,12804,/,NRRL,8165,/,MA-4680).,
FCTA_STRCO,Bacteria,Actinobacteria,Actinobacteria,Streptomycetales,Streptomycetaceae,Streptomyces,coelicolor,(strain,ATCC,BAA-471,/,A3(2),/,M145).,,,,,,,,,,,
A0A087B567_9BIFI,Bacteria,Actinobacteria,Actinobacteria,Bifidobacteriales,Bifidobacteriaceae,Bifidobacterium,cuniculi.,,,,,,,,,,,,,,,,,,
A0A066TRF4_9PSEU,Bacteria,Actinobacteria,Actinobacteria,Pseudonocardiales,Pseudonocardiaceae,Amycolatopsis,rifamycinica.,,,,,,,,,,,,,,,,,,
S4MWR1_9ACTN,Bacteria,Actinobacteria,Actinobacteria,Streptomycetales,Streptomycetaceae,Streptomyces,afghaniensis,772.,,,,,,,,,,,,,,,,,
L7F1F2_9ACTN,Bacteria,Actinobacteria,Actinobacteria,Streptomycetales,Streptomycetaceae,Streptomyces,turgidiscabies,Car8.,,,,,,,,,,,,,,,,,
L7EZX8_9ACTN,Bacteria,Actinobacteria,Actinobacteria,Streptomycetales,Streptomycetaceae,Streptomyces,turgidiscabies,Car8.,,,,,,,,,,,,,,,,,
L7EYD9_9ACTN,Bacteria,Actinobacteria,Actinobacteria,Streptomycetales,Streptomycetaceae,Streptomyces,turgidiscabies,Car8.,,,,,,,,,,,,,,,,,
D9X5S5_STRVR,Bacteria,Actinobacteria,Actinobacteria,Streptomycetales,Streptomycetaceae,Streptomyces,viridochromogenes,DSM,40736.,,,,,,,,,,,,,,,,
W2F2P7_9ACTN,Bacteria,Actinobacteria,Actinobacteria,Streptosporangiales,Streptosporangiaceae,Microbispora,sp.,ATCC,PTA-5024.,,,,,,,,,,,,,,,,
S4AHN6_9ACTN,Bacteria,Actinobacteria,Actinobacteria,Streptomycetales,Streptomycetaceae,Streptomyces,aurantiacus,JA,4570.,,,,,,,,,,,,,,,,
A0A014P1N5_9ACTN,Bacteria,Actinobacteria,Actinobacteria,Streptomycetales,Streptomycetaceae,Streptomyces,sp.,PRh5.,,,,,,,,,,,,,,,,,
A0A0C6E0U2_9BIFI,Bacteria,Actinobacteria,Actinobacteria,Bifidobacteriales,Bifidobacteriaceae,Bifidobacterium,dentium,JCM,1195,=,DSM,20436.,,,,,,,,,,,,,
L1KGW4_9ACTN,Bacteria,Actinobacteria,Actinobacteria,Streptomycetales,Streptomycetaceae,Streptomyces,ipomoeae,91-03.,,,,,,,,,,,,,,,,,
A0A087CBQ7_9BIFI,Bacteria,Actinobacteria,Actinobacteria,Bifidobacteriales,Bifidobacteriaceae,Bifidobacterium,pseudolongum,subsp.,globosum.,,,,,,,,,,,,,,,,
G4I077_MYCRH,Bacteria,Actinobacteria,Actinobacteria,Corynebacteriales,Mycobacteriaceae,Mycobacterium,rhodesiae,JS60.,,,,,,,,,,,,,,,,,
D9WTU6_9ACTN,Bacteria,Actinobacteria,Actinobacteria,Streptomycetales,Streptomycetaceae,Streptomyces,himastatinicus,ATCC,53653.,,,,,,,,,,,,,,,,
L8PK74_STRVR,Bacteria,Actinobacteria,Actinobacteria,Streptomycetales,Streptomycetaceae,Streptomyces,viridochromogenes,Tue57.,,,,,,,,,,,,,,,,,
D9Y117_9ACTN,Bacteria,Actinobacteria,Actinobacteria,Streptomycetales,Streptomycetaceae,Streptomyces,griseoflavus,Tu4000.,,,,,,,,,,,,,,,,,
R9KTQ7_9ACTN,Bacteria,Actinobacteria,Actinobacteria,Coriobacteriia,Eggerthellales,Enterorhabdus,caecimuris,B7.,,,,,,,,,,,,,,,,,
H1QA91_9ACTN,Bacteria,Actinobacteria,Actinobacteria,Streptomycetales,Streptomycetaceae,Streptomyces,coelicoflavus,ZG0656.,,,,,,,,,,,,,,,,,
A0A086GK34_STRSC,Bacteria,Actinobacteria,Actinobacteria,Streptomycetales,Streptomycetaceae,Streptomyces,scabiei.,,,,,,,,,,,,,,,,,,
W7SSX0_9PSEU,Bacteria,Actinobacteria,Actinobacteria,Pseudonocardiales,Pseudonocardiaceae,Kutzneria,sp.,744.,,,,,,,,,,,,,,,,,
S2ZTR5_9ACTN,Bacteria,Actinobacteria,Actinobacteria,Streptomycetales,Streptomycetaceae,Streptomyces,sp.,HGB0020.,,,,,,,,,,,,,,,,,
M3EXH9_9ACTN,Bacteria,Actinobacteria,Actinobacteria,Streptomycetales,Streptomycetaceae,Streptomyces,bottropensis,ATCC,25435.,,,,,,,,,,,,,,,,
W2VF50_9BIFI,Bacteria,Actinobacteria,Actinobacteria,Bifidobacteriales,Bifidobacteriaceae,Bifidobacterium,sp.,MSTE12.,,,,,,,,,,,,,,,,,
S3AWX8_9ACTN,Bacteria,Actinobacteria,Actinobacteria,Streptomycetales,Streptomycetaceae,Streptomyces,sp.,HPH0547.,,,,,,,,,,,,,,,,,
A0A0B7CYA7_9PSEU,Bacteria,Actinobacteria,Actinobacteria,Pseudonocardiales,Pseudonocardiaceae,Kibdelosporangium,sp.,MJ126-NF4.,,,,,,,,,,,,,,,,,
A0A0D6FYE1_MYCSM,Bacteria,Actinobacteria,Actinobacteria,Corynebacteriales,Mycobacteriaceae,Mycobacterium,smegmatis.,,,,,,,,,,,,,,,,,,
A0A0D6FY31_MYCSM,Bacteria,Actinobacteria,Actinobacteria,Corynebacteriales,Mycobacteriaceae,Mycobacterium,smegmatis.,,,,,,,,,,,,,,,,,,
M3C1A0_9ACTN,Bacteria,Actinobacteria,Actinobacteria,Streptomycetales,Streptomycetaceae,Streptomyces,gancidicus,BKS,13-15.,,,,,,,,,,,,,,,,
A0A060ZHR0_9ACTN,Bacteria,Actinobacteria,Actinobacteria,Streptomycetales,Streptomycetaceae,Streptomyces,iranensis.,,,,,,,,,,,,,,,,,,
M2Q205_9PSEU,Bacteria,Actinobacteria,Actinobacteria,Pseudonocardiales,Pseudonocardiaceae,Amycolatopsis,azurea,DSM,43854.,,,,,,,,,,,,,,,,
A0A0C2BHW9_9ACTN,Bacteria,Actinobacteria,Actinobacteria,Streptomycetales,Streptomycetaceae,Streptomyces,sp.,150FB.,,,,,,,,,,,,,,,,,
A0A0C1X8V0_9ACTN,Bacteria,Actinobacteria,Actinobacteria,Streptomycetales,Streptomycetaceae,Streptomyces,sp.,AcH,505.,,,,,,,,,,,,,,,,
A0A0C2JBP4_9ACTN,Bacteria,Actinobacteria,Actinobacteria,Streptosporangiales,Nocardiopsaceae,Streptomonospora,alba.,,,,,,,,,,,,,,,,,,
A0A072S7L1_9ACTN,Bacteria,Actinobacteria,Actinobacteria,Streptomycetales,Streptomycetaceae,Streptomyces,griseorubens.,,,,,,,,,,,,,,,,,,
A0A086MUV5_9ACTN,Bacteria,Actinobacteria,Actinobacteria,Streptomycetales,Streptomycetaceae,Streptomyces,mutabilis.,,,,,,,,,,,,,,,,,,
A0A010Z285_9ACTN,Bacteria,Actinobacteria,Actinobacteria,Frankiales,Cryptosporangiaceae,Cryptosporangium,arvum,DSM,44712.,,,,,,,,,,,,,,,,
R1FG81_9PSEU,Bacteria,Actinobacteria,Actinobacteria,Pseudonocardiales,Pseudonocardiaceae,Amycolatopsis,vancoresmycina,DSM,44592.,,,,,,,,,,,,,,,,
D6A5Z1_9ACTN,Bacteria,Actinobacteria,Actinobacteria,Streptomycetales,Streptomycetaceae,Streptomyces,ghanaensis,ATCC,14672.,,,,,,,,,,,,,,,,
A0A066Y5A2_9ACTN,Bacteria,Actinobacteria,Actinobacteria,Streptomycetales,Streptomycetaceae,Streptomyces,olindensis.,,,,,,,,,,,,,,,,,,
A0A087C3D7_9BIFI,Bacteria,Actinobacteria,Actinobacteria,Bifidobacteriales,Bifidobacteriaceae,Bifidobacterium,pseudolongum,subsp.,pseudolongum.,,,,,,,,,,,,,,,,
G2GAT1_9ACTN,Bacteria,Actinobacteria,Actinobacteria,Streptomycetales,Streptomycetaceae,Streptomyces,zinciresistens,K42.,,,,,,,,,,,,,,,,,
A0QNT6_MYCS2,Bacteria,Actinobacteria,Actinobacteria,Corynebacteriales,Mycobacteriaceae,Mycobacterium,smegmatis,(strain,ATCC,700084,/,mc(2)155).,,,,,,,,,,,,,
C0BUX7_9BIFI,Bacteria,Actinobacteria,Actinobacteria,Bifidobacteriales,Bifidobacteriaceae,Bifidobacterium,pseudocatenulatum,DSM,20438,=,JCM,1200,=,LMG,10505.,,,,,,,,,,
A0A0D4DI21_9ACTN,Bacteria,Actinobacteria,Actinobacteria,Streptomycetales,Streptomycetaceae,Streptomyces,lydicus,A02.,,,,,,,,,,,,,,,,,
X0N0A4_STRA9,Bacteria,Actinobacteria,Actinobacteria,Streptomycetales,Streptomycetaceae,Streptomyces,albulus,PD-1.,,,,,,,,,,,,,,,,,
D6EGQ7_STRLI,Bacteria,Actinobacteria,Actinobacteria,Streptomycetales,Streptomycetaceae,Streptomyces,lividans,TK24.,,,,,,,,,,,,,,,,,
A0A0A7I974_9BIFI,Bacteria,Actinobacteria,Actinobacteria,Bifidobacteriales,Bifidobacteriaceae,Bifidobacterium,pseudolongum,PV8-2.,,,,,,,,,,,,,,,,,
C9ZD66_STRSW,Bacteria,Actinobacteria,Actinobacteria,Streptomycetales,Streptomycetaceae,Streptomyces,scabies,(strain,87.22),(Streptomyces,scabiei).,,,,,,,,,,,,,,
H2JXY4_STRHJ,Bacteria,Actinobacteria,Actinobacteria,Streptomycetales,Streptomycetaceae,Streptomyces,hygroscopicus,subsp.,jinggangensis,(strain,5008).,,,,,,,,,,,,,,
H2JP08_STRHJ,Bacteria,Actinobacteria,Actinobacteria,Streptomycetales,Streptomycetaceae,Streptomyces,hygroscopicus,subsp.,jinggangensis,(strain,5008).,,,,,,,,,,,,,,
D2Q6H4_BIFDB,Bacteria,Actinobacteria,Actinobacteria,Bifidobacteriales,Bifidobacteriaceae,Bifidobacterium,dentium,(strain,ATCC,27534,/,DSM,20436,/,JCM,1195,/,Bd1).,,,,,,,
L8FP05_MYCSM,Bacteria,Actinobacteria,Actinobacteria,Corynebacteriales,Mycobacteriaceae,Mycobacterium,smegmatis,MKD8.,,,,,,,,,,,,,,,,,
L8FNZ1_MYCSM,Bacteria,Actinobacteria,Actinobacteria,Corynebacteriales,Mycobacteriaceae,Mycobacterium,smegmatis,MKD8.,,,,,,,,,,,,,,,,,
A0A0A0N539_9ACTN,Bacteria,Actinobacteria,Actinobacteria,Streptomycetales,Streptomycetaceae,Streptomyces,rapamycinicus,NRRL,5491.,,,,,,,,,,,,,,,,
R6NW54_9BIFI,Bacteria,Actinobacteria,Actinobacteria,Bifidobacteriales,Bifidobacteriaceae,Bifidobacterium,pseudocatenulatum,CAG:263.,,,,,,,,,,,,,,,,,
V6L1J7_STRRC,Bacteria,Actinobacteria,Actinobacteria,Streptomycetales,Streptomycetaceae,Streptomyces,roseochromogenus,subsp.,oscitans,DS,12.976.,,,,,,,,,,,,,,
B5I862_9ACTN,Bacteria,Actinobacteria,Actinobacteria,Streptomycetales,Streptomycetaceae,Streptomyces,sviceus,ATCC,29083.,,,,,,,,,,,,,,,,
B5I9A4_9ACTN,Bacteria,Actinobacteria,Actinobacteria,Streptomycetales,Streptomycetaceae,Streptomyces,sviceus,ATCC,29083.,,,,,,,,,,,,,,,,
B5I857_9ACTN,Bacteria,Actinobacteria,Actinobacteria,Streptomycetales,Streptomycetaceae,Streptomyces,sviceus,ATCC,29083.,,,,,,,,,,,,,,,,
A0A059WC78_STRA9,Bacteria,Actinobacteria,Actinobacteria,Streptomycetales,Streptomycetaceae,Streptomyces,albulus.,,,,,,,,,,,,,,,,,,
L8EFQ9_STRRM,Bacteria,Actinobacteria,Actinobacteria,Streptomycetales,Streptomycetaceae,Streptomyces,rimosus,subsp.,rimosus,ATCC,10970.,,,,,,,,,,,,,,
V6KIT0_STRNV,Bacteria,Actinobacteria,Actinobacteria,Streptomycetales,Streptomycetaceae,Streptomyces,niveus,NCIMB,11891.,,,,,,,,,,,,,,,,
D2PSA0_KRIFD,Bacteria,Actinobacteria,Actinobacteria,Propionibacteriales,Nocardioidaceae,Kribbella,flavida,(strain,DSM,17836,/,JCM,10339,/,NBRC,14399).,,,,,,,,,
G2NYR1_STRVO,Bacteria,Actinobacteria,Actinobacteria,Streptomycetales,Streptomycetaceae,Streptomyces,violaceusniger,Tu,4113.,,,,,,,,,,,,,,,,
H5X0V7_9PSEU,Bacteria,Actinobacteria,Actinobacteria,Pseudonocardiales,Pseudonocardiaceae,Saccharomonospora,marina,XMU15.,,,,,,,,,,,,,,,,,
K4QTD8_9ACTN,Bacteria,Actinobacteria,Actinobacteria,Streptomycetales,Streptomycetaceae,Streptomyces,davawensis,JCM,4913.,,,,,,,,,,,,,,,,
A0A0A8ELE8_9ACTN,Bacteria,Actinobacteria,Actinobacteria,Streptomycetales,Streptomycetaceae,Streptomyces,sp.,769.,,,,,,,,,,,,,,,,,
I7G1B5_MYCS2,Bacteria,Actinobacteria,Actinobacteria,Corynebacteriales,Mycobacteriaceae,Mycobacterium,smegmatis,(strain,ATCC,700084,/,mc(2)155).,,,,,,,,,,,,,
A0QNU6_MYCS2,Bacteria,Actinobacteria,Actinobacteria,Corynebacteriales,Mycobacteriaceae,Mycobacterium,smegmatis,(strain,ATCC,700084,/,mc(2)155).,,,,,,,,,,,,,
A0A0C4N2L4_MYCS2,Bacteria,Actinobacteria,Actinobacteria,Corynebacteriales,Mycobacteriaceae,Mycobacterium,smegmatis,(strain,ATCC,700084,/,mc(2)155).,,,,,,,,,,,,,
I7G1A9_MYCS2,Bacteria,Actinobacteria,Actinobacteria,Corynebacteriales,Mycobacteriaceae,Mycobacterium,smegmatis,(strain,ATCC,700084,/,mc(2)155).,,,,,,,,,,,,,
A0A075V134_9PSEU,Bacteria,Actinobacteria,Actinobacteria,Pseudonocardiales,Pseudonocardiaceae,Amycolatopsis,japonica.,,,,,,,,,,,,,,,,,,
E0QAN0_9BIFI,Bacteria,Actinobacteria,Actinobacteria,Bifidobacteriales,Bifidobacteriaceae,Bifidobacterium,dentium,ATCC,27679.,,,,,,,,,,,,,,,,
B5HI27_STRPR,Bacteria,Actinobacteria,Actinobacteria,Streptomycetales,Streptomycetaceae,Streptomyces,pristinaespiralis,ATCC,25486.,,,,,,,,,,,,,,,,
D7C0W4_STRBB,Bacteria,Actinobacteria,Actinobacteria,Streptomycetales,Streptomycetaceae,Streptomyces,bingchenggensis,(strain,BCW-1).,,,,,,,,,,,,,,,,
D7AUW6_NOCDD,Bacteria,Actinobacteria,Actinobacteria,Streptosporangiales,Nocardiopsaceae,Nocardiopsis,dassonvillei,(strain,ATCC,23218,/,DSM,43111,/,IMRU,509,/,JCM,7437,/,NCTC,10488),(Actinomadura,dassonvillei).,
A0A0C5G8R2_9ACTN,Bacteria,Actinobacteria,Actinobacteria,Streptomycetales,Streptomycetaceae,Streptomyces,cyaneogriseus,subsp.,noncyanogenus.,,,,,,,,,,,,,,,,
L0IQW7_MYCSM,Bacteria,Actinobacteria,Actinobacteria,Corynebacteriales,Mycobacteriaceae,Mycobacterium,smegmatis,JS623.,,,,,,,,,,,,,,,,,
L0IUZ9_MYCSM,Bacteria,Actinobacteria,Actinobacteria,Corynebacteriales,Mycobacteriaceae,Mycobacterium,smegmatis,JS623.,,,,,,,,,,,,,,,,,
L0IUQ9_MYCSM,Bacteria,Actinobacteria,Actinobacteria,Corynebacteriales,Mycobacteriaceae,Mycobacterium,smegmatis,JS623.,,,,,,,,,,,,,,,,,
A0A073JPH8_LACRE,Bacteria,Firmicutes,Bacilli,Lactobacillales,Lactobacillaceae,Lactobacillus,reuteri.,,,,,,,,,,,,,,,,,,
A0A099YDY1_9LACO,Bacteria,Firmicutes,Bacilli,Lactobacillales,Lactobacillaceae,Lactobacillus,mucosae.,,,,,,,,,,,,,,,,,,
F8KFM0_LACRE,Bacteria,Firmicutes,Bacilli,Lactobacillales,Lactobacillaceae,Lactobacillus,reuteri,ATCC,53608.,,,,,,,,,,,,,,,,
A0A0D4CLJ2_9LACO,Bacteria,Firmicutes,Bacilli,Lactobacillales,Lactobacillaceae,Lactobacillus,mucosae,LM1.,,,,,,,,,,,,,,,,,
A0A062XDE4_9LACO,Bacteria,Firmicutes,Bacilli,Lactobacillales,Lactobacillaceae,Lactobacillus,animalis.,,,,,,,,,,,,,,,,,,
N1ZQX4_9LACO,Bacteria,Firmicutes,Bacilli,Lactobacillales,Lactobacillaceae,Lactobacillus,sp.,ASF360.,,,,,,,,,,,,,,,,,
C2E3B6_LACJH,Bacteria,Firmicutes,Bacilli,Lactobacillales,Lactobacillaceae,Lactobacillus,johnsonii,ATCC,33200.,,,,,,,,,,,,,,,,
B3XR90_LACRE,Bacteria,Firmicutes,Bacilli,Lactobacillales,Lactobacillaceae,Lactobacillus,reuteri,100-23.,,,,,,,,,,,,,,,,,
F7SH33_LACJH,Bacteria,Firmicutes,Bacilli,Lactobacillales,Lactobacillaceae,Lactobacillus,johnsonii,pf01.,,,,,,,,,,,,,,,,,
N1ZX31_9LACO,Bacteria,Firmicutes,Bacilli,Lactobacillales,Lactobacillaceae,Lactobacillus,murinus,ASF361.,,,,,,,,,,,,,,,,,
A0A098R2Y6_LACRE,Bacteria,Firmicutes,Bacilli,Lactobacillales,Lactobacillaceae,Lactobacillus,reuteri.,,,,,,,,,,,,,,,,,,
A0A081KVM2_LACRE,Bacteria,Firmicutes,Bacilli,Lactobacillales,Lactobacillaceae,Lactobacillus,reuteri.,,,,,,,,,,,,,,,,,,
I7L5A9_9LACO,Bacteria,Firmicutes,Bacilli,Lactobacillales,Lactobacillaceae,Lactobacillus,hominis,DSM,23910,=,CRBIP,24.179.,,,,,,,,,,,,,
E4SLE0_LACAR,Bacteria,Firmicutes,Bacilli,Lactobacillales,Lactobacillaceae,Lactobacillus,amylovorus,(strain,GRL,1112).,,,,,,,,,,,,,,,
C7XLI6_9LACO,Bacteria,Firmicutes,Bacilli,Lactobacillales,Lactobacillaceae,Lactobacillus,crispatus,125-2-CHN.,,,,,,,,,,,,,,,,,
S5NDC3_LACRE,Bacteria,Firmicutes,Bacilli,Lactobacillales,Lactobacillaceae,Lactobacillus,reuteri,TD1.,,,,,,,,,,,,,,,,,
F0TIS1_LACA3,Bacteria,Firmicutes,Bacilli,Lactobacillales,Lactobacillaceae,Lactobacillus,acidophilus,(strain,30SC).,,,,,,,,,,,,,,,,
F2M227_LACAL,Bacteria,Firmicutes,Bacilli,Lactobacillales,Lactobacillaceae,Lactobacillus,amylovorus,(strain,GRL,1118).,,,,,,,,,,,,,,,
A0A087QB11_LACGS,Bacteria,Firmicutes,Bacilli,Lactobacillales,Lactobacillaceae,Lactobacillus,gasseri,SV-16A-US.,,,,,,,,,,,,,,,,,
R5YHW6_9LACO,Bacteria,Firmicutes,Bacilli,Lactobacillales,Lactobacillaceae,Lactobacillus,amylovorus,CAG:719.,,,,,,,,,,,,,,,,,
F4AE70_LACJH,Bacteria,Firmicutes,Bacilli,Lactobacillales,Lactobacillaceae,Lactobacillus,johnsonii,DPC,6026.,,,,,,,,,,,,,,,,
Q5FLY8_LACAC,Bacteria,Firmicutes,Bacilli,Lactobacillales,Lactobacillaceae,Lactobacillus,acidophilus,(strain,ATCC,700396,/,NCK56,/,N2,/,NCFM).,,,,,,,,,
FCTA_ECOLI,Bacteria,Proteobacteria,Gammaproteobacteria,Enterobacteriales,Enterobacteriaceae,Escherichia,coli,(strain,K12).,,,,,,,,,,,,,,,,
FCTA_OXAFO,Bacteria,Proteobacteria,Betaproteobacteria,Burkholderiales,Oxalobacteraceae,Oxalobacter,formigenes.,,,,,,,,,,,,,,,,,,
FCTA_ECO57,Bacteria,Proteobacteria,Gammaproteobacteria,Enterobacteriales,Enterobacteriaceae,Escherichia,coli,O157:H7.,,,,,,,,,,,,,,,,,
FCTA_SHIFL,Bacteria,Proteobacteria,Gammaproteobacteria,Enterobacteriales,Enterobacteriaceae,Shigella,flexneri.,,,,,,,,,,,,,,,,,,
FCTA_OLICO,Bacteria,Proteobacteria,Alphaproteobacteria,Rhizobiales,Bradyrhizobiaceae,Oligotropha,carboxidovorans,(strain,ATCC,49405,/,DSM,1227,/,OM5).,,,,,,,,,,
FCTA_BRADU,Bacteria,Proteobacteria,Alphaproteobacteria,Rhizobiales,Bradyrhizobiaceae,Bradyrhizobium,diazoefficiens,(strain,JCM,10833,/,IAM,13628,/,NBRC14792,/,USDA,110).,,,,,,,
FCTA_BRASB,Bacteria,Proteobacteria,Alphaproteobacteria,Rhizobiales,Bradyrhizobiaceae,Bradyrhizobium,sp.,(strain,BTAi1,/,ATCC,BAA-1182).,,,,,,,,,,,,,
FCTA_ECO45,Bacteria,Proteobacteria,Gammaproteobacteria,Enterobacteriales,Enterobacteriaceae,Escherichia,coli,O45:K1,(strain,S88,/,ExPEC).,,,,,,,,,,,,,
FCTA_ECO27,Bacteria,Proteobacteria,Gammaproteobacteria,Enterobacteriales,Enterobacteriaceae,Escherichia,coli,O127:H6,(strain,E2348/69,/,EPEC).,,,,,,,,,,,,,
FCTA_BRASO,Bacteria,Proteobacteria,Alphaproteobacteria,Rhizobiales,Bradyrhizobiaceae,Bradyrhizobium,sp.,(strain,ORS278).,,,,,,,,,,,,,,,,
FCTA_ECO24,Bacteria,Proteobacteria,Gammaproteobacteria,Enterobacteriales,Enterobacteriaceae,Escherichia,coli,O139:H28,(strain,E24377A,/,ETEC).,,,,,,,,,,,,,
FCTA_ECO5E,Bacteria,Proteobacteria,Gammaproteobacteria,Enterobacteriales,Enterobacteriaceae,Escherichia,coli,O157:H7,(strain,EC4115,/,EHEC).,,,,,,,,,,,,,
FCTA_ECO81,Bacteria,Proteobacteria,Gammaproteobacteria,Enterobacteriales,Enterobacteriaceae,Escherichia,coli,O81,(strain,ED1a).,,,,,,,,,,,,,,,
FCTA_ECO7I,Bacteria,Proteobacteria,Gammaproteobacteria,Enterobacteriales,Enterobacteriaceae,Escherichia,coli,O7:K1,(strain,IAI39,/,ExPEC).,,,,,,,,,,,,,
FCTA_ECO8A,Bacteria,Proteobacteria,Gammaproteobacteria,Enterobacteriales,Enterobacteriaceae,Escherichia,coli,O8,(strain,IAI1).,,,,,,,,,,,,,,,
FCTA_ECODH,Bacteria,Proteobacteria,Gammaproteobacteria,Enterobacteriales,Enterobacteriaceae,Escherichia,coli,(strain,K12,/,DH10B).,,,,,,,,,,,,,,
FCTA_ECOK1,Bacteria,Proteobacteria,Gammaproteobacteria,Enterobacteriales,Enterobacteriaceae,Escherichia,coli,O1:K1,/,APEC.,,,,,,,,,,,,,,,
FCTA_ECOHS,Bacteria,Proteobacteria,Gammaproteobacteria,Enterobacteriales,Enterobacteriaceae,Escherichia,coli,O9:H4,(strain,HS).,,,,,,,,,,,,,,,
FCTA_ECO55,Bacteria,Proteobacteria,Gammaproteobacteria,Enterobacteriales,Enterobacteriaceae,Escherichia,coli,(strain,55989,/,EAEC).,,,,,,,,,,,,,,
FCTA_ECOLC,Bacteria,Proteobacteria,Gammaproteobacteria,Enterobacteriales,Enterobacteriaceae,Escherichia,coli,(strain,ATCC,8739,/,DSM,1576,/,Crooks).,,,,,,,,,,
FCTA_ECOL6,Bacteria,Proteobacteria,Gammaproteobacteria,Enterobacteriales,Enterobacteriaceae,Escherichia,coli,O6:H1,(strain,CFT073,/,ATCC,700928,/,UPEC).,,,,,,,,,,
FCTA_ECOBW,Bacteria,Proteobacteria,Gammaproteobacteria,Enterobacteriales,Enterobacteriaceae,Escherichia,coli,(strain,K12,/,MC4100,/,BW2952).,,,,,,,,,,,,
FCTA_ECOUT,Bacteria,Proteobacteria,Gammaproteobacteria,Enterobacteriales,Enterobacteriaceae,Escherichia,coli,(strain,UTI89,/,UPEC).,,,,,,,,,,,,,,
FCTA_RHOP2,Bacteria,Proteobacteria,Alphaproteobacteria,Rhizobiales,Bradyrhizobiaceae,Rhodopseudomonas,palustris,(strain,HaA2).,,,,,,,,,,,,,,,,
FCTA_ECOSE,Bacteria,Proteobacteria,Gammaproteobacteria,Enterobacteriales,Enterobacteriaceae,Escherichia,coli,(strain,SE11).,,,,,,,,,,,,,,,,
FCTA_RHOPS,Bacteria,Proteobacteria,Alphaproteobacteria,Rhizobiales,Bradyrhizobiaceae,Rhodopseudomonas,palustris,(strain,BisB5).,,,,,,,,,,,,,,,,
FCTA_SHIB3,Bacteria,Proteobacteria,Gammaproteobacteria,Enterobacteriales,Enterobacteriaceae,Shigella,boydii,serotype,18,(strain,CDC,3083-94,/,BS512).,,,,,,,,,,,
FCTA_SHIBS,Bacteria,Proteobacteria,Gammaproteobacteria,Enterobacteriales,Enterobacteriaceae,Shigella,boydii,serotype,4,(strain,Sb227).,,,,,,,,,,,,,,
FCTA_RHOP5,Bacteria,Proteobacteria,Alphaproteobacteria,Rhizobiales,Bradyrhizobiaceae,Rhodopseudomonas,palustris,(strain,BisA53).,,,,,,,,,,,,,,,,
FCTA_RHOPA,Bacteria,Proteobacteria,Alphaproteobacteria,Rhizobiales,Bradyrhizobiaceae,Rhodopseudomonas,palustris,(strain,ATCC,BAA-98,/,CGA009).,,,,,,,,,,,,,
FCTA_SHIF8,Bacteria,Proteobacteria,Gammaproteobacteria,Enterobacteriales,Enterobacteriaceae,Shigella,flexneri,serotype,5b,(strain,8401).,,,,,,,,,,,,,,
FCTA_RHOPT,Bacteria,Proteobacteria,Alphaproteobacteria,Rhizobiales,Bradyrhizobiaceae,Rhodopseudomonas,palustris,(strain,TIE-1).,,,,,,,,,,,,,,,,
FCTA_SHIDS,Bacteria,Proteobacteria,Gammaproteobacteria,Enterobacteriales,Enterobacteriaceae,Shigella,dysenteriae,serotype,1,(strain,Sd197).,,,,,,,,,,,,,,
FCTA_ECOSM,Bacteria,Proteobacteria,Gammaproteobacteria,Enterobacteriales,Enterobacteriaceae,Escherichia,coli,(strain,SMS-3-5,/,SECEC).,,,,,,,,,,,,,,
FCTA_SHISS,Bacteria,Proteobacteria,Gammaproteobacteria,Enterobacteriales,Enterobacteriaceae,Shigella,sonnei,(strain,Ss046).,,,,,,,,,,,,,,,,
FCTA_RHOPB,Bacteria,Proteobacteria,Alphaproteobacteria,Rhizobiales,Bradyrhizobiaceae,Rhodopseudomonas,palustris,(strain,BisB18).,,,,,,,,,,,,,,,,
FCTA_ECOL5,Bacteria,Proteobacteria,Gammaproteobacteria,Enterobacteriales,Enterobacteriaceae,Escherichia,coli,O6:K15:H31,(strain,536,/,UPEC).,,,,,,,,,,,,,
FCTA_ECOLU,Bacteria,Proteobacteria,Gammaproteobacteria,Enterobacteriales,Enterobacteriaceae,Escherichia,coli,O17:K52:H18,(strain,UMN026,/,ExPEC).,,,,,,,,,,,,,
C3T1H7_ECOLX,Bacteria,Proteobacteria,Gammaproteobacteria,Enterobacteriales,Enterobacteriaceae,Escherichia,coli.,,,,,,,,,,,,,,,,,,
A0A0B0VIU9_ECOLX,Bacteria,Proteobacteria,Gammaproteobacteria,Enterobacteriales,Enterobacteriaceae,Escherichia,coli.,,,,,,,,,,,,,,,,,,
A0A0B3T848_9BURK,Bacteria,Proteobacteria,Betaproteobacteria,Burkholderiales,Burkholderiaceae,Pandoraea,pnomenusa.,,,,,,,,,,,,,,,,,,
A0A0B3SVC7_9BURK,Bacteria,Proteobacteria,Betaproteobacteria,Burkholderiales,Burkholderiaceae,Pandoraea,pnomenusa.,,,,,,,,,,,,,,,,,,
A0A069PKL1_9BURK,Bacteria,Proteobacteria,Betaproteobacteria,Burkholderiales,Burkholderiaceae,Burkholderia,glathei.,,,,,,,,,,,,,,,,,,
A0A069PCK7_9BURK,Bacteria,Proteobacteria,Betaproteobacteria,Burkholderiales,Burkholderiaceae,Burkholderia,glathei.,,,,,,,,,,,,,,,,,,
A0A024KXD2_ECOLX,Bacteria,Proteobacteria,Gammaproteobacteria,Enterobacteriales,Enterobacteriaceae,Escherichia,coli,D6-113.11.,,,,,,,,,,,,,,,,,
U9Z602_ECOLX,Bacteria,Proteobacteria,Gammaproteobacteria,Enterobacteriales,Enterobacteriaceae,Escherichia,coli,907357.,,,,,,,,,,,,,,,,,
T9G5Q4_ECOLX,Bacteria,Proteobacteria,Gammaproteobacteria,Enterobacteriales,Enterobacteriaceae,Escherichia,coli,UMEA,3240-1.,,,,,,,,,,,,,,,,
V0SI30_ECOLX,Bacteria,Proteobacteria,Gammaproteobacteria,Enterobacteriales,Enterobacteriaceae,Escherichia,coli,907672.,,,,,,,,,,,,,,,,,
V0V534_ECOLX,Bacteria,Proteobacteria,Gammaproteobacteria,Enterobacteriales,Enterobacteriaceae,Escherichia,coli,907889.,,,,,,,,,,,,,,,,,
T8XAJ5_ECOLX,Bacteria,Proteobacteria,Gammaproteobacteria,Enterobacteriales,Enterobacteriaceae,Escherichia,coli,UMEA,3174-1.,,,,,,,,,,,,,,,,
N2JIA5_ECOLX,Bacteria,Proteobacteria,Gammaproteobacteria,Enterobacteriales,Enterobacteriaceae,Escherichia,coli,P0301867.4.,,,,,,,,,,,,,,,,,
I2QC25_9BRAD,Bacteria,Proteobacteria,Alphaproteobacteria,Rhizobiales,Bradyrhizobiaceae,Bradyrhizobium,sp.,WSM1253.,,,,,,,,,,,,,,,,,
F1ZK51_ECOLX,Bacteria,Proteobacteria,Gammaproteobacteria,Enterobacteriales,Enterobacteriaceae,Escherichia,coli,STEC_7v.,,,,,,,,,,,,,,,,,
A0A0A0FDL6_ECOLX,Bacteria,Proteobacteria,Gammaproteobacteria,Enterobacteriales,Enterobacteriaceae,Escherichia,coli,G3/10.,,,,,,,,,,,,,,,,,
I6FPU7_SHIDY,Bacteria,Proteobacteria,Gammaproteobacteria,Enterobacteriales,Enterobacteriaceae,Shigella,dysenteriae,225-75.,,,,,,,,,,,,,,,,,
E1IV26_ECOLX,Bacteria,Proteobacteria,Gammaproteobacteria,Enterobacteriales,Enterobacteriaceae,Escherichia,coli,MS,145-7.,,,,,,,,,,,,,,,,
A0A029LH62_ECOLX,Bacteria,Proteobacteria,Gammaproteobacteria,Enterobacteriales,Enterobacteriaceae,Escherichia,coli,1-250-04_S3_C1.,,,,,,,,,,,,,,,,,
A0A071BXS9_ECOLX,Bacteria,Proteobacteria,Gammaproteobacteria,Enterobacteriales,Enterobacteriaceae,Escherichia,coli,2-474-04_S3_C1.,,,,,,,,,,,,,,,,,
U1ILT6_9BRAD,Bacteria,Proteobacteria,Alphaproteobacteria,Rhizobiales,Bradyrhizobiaceae,Bradyrhizobium,sp.,DFCI-1.,,,,,,,,,,,,,,,,,
S1IF21_ECOLX,Bacteria,Proteobacteria,Gammaproteobacteria,Enterobacteriales,Enterobacteriaceae,Escherichia,coli,KTE108.,,,,,,,,,,,,,,,,,
S0UR56_ECOLX,Bacteria,Proteobacteria,Gammaproteobacteria,Enterobacteriales,Enterobacteriaceae,Escherichia,coli,KTE14.,,,,,,,,,,,,,,,,,
V2QRX7_ECOLX,Bacteria,Proteobacteria,Gammaproteobacteria,Enterobacteriales,Enterobacteriaceae,Escherichia,coli,HVH,50,(4-2593475).,,,,,,,,,,,,,,,
T9AMX6_ECOLX,Bacteria,Proteobacteria,Gammaproteobacteria,Enterobacteriales,Enterobacteriaceae,Escherichia,coli,UMEA,3190-1.,,,,,,,,,,,,,,,,
A0A029KKN7_ECOLX,Bacteria,Proteobacteria,Gammaproteobacteria,Enterobacteriales,Enterobacteriaceae,Escherichia,coli,1-182-04_S3_C3.,,,,,,,,,,,,,,,,,
I2SXZ3_ECOLX,Bacteria,Proteobacteria,Gammaproteobacteria,Enterobacteriales,Enterobacteriaceae,Escherichia,coli,1.2264.,,,,,,,,,,,,,,,,,
A0A073GC02_ECOLX,Bacteria,Proteobacteria,Gammaproteobacteria,Enterobacteriales,Enterobacteriaceae,Escherichia,coli,3-267-03_S4_C1.,,,,,,,,,,,,,,,,,
H5E4S5_ECOLX,Bacteria,Proteobacteria,Gammaproteobacteria,Enterobacteriales,Enterobacteriaceae,Escherichia,coli,DEC10B.,,,,,,,,,,,,,,,,,
A0A0A8C2E9_9BURK,Bacteria,Proteobacteria,Betaproteobacteria,Burkholderiales,Burkholderiaceae,Pandoraea,pulmonicola.,,,,,,,,,,,,,,,,,,
A0A0A8BVL2_9BURK,Bacteria,Proteobacteria,Betaproteobacteria,Burkholderiales,Burkholderiaceae,Pandoraea,pulmonicola.,,,,,,,,,,,,,,,,,,
N4N3S2_ECOLX,Bacteria,Proteobacteria,Gammaproteobacteria,Enterobacteriales,Enterobacteriaceae,Escherichia,coli,P0301867.3.,,,,,,,,,,,,,,,,,
A0A0D7NWD9_9BRAD,Bacteria,Proteobacteria,Alphaproteobacteria,Rhizobiales,Bradyrhizobiaceae,Bradyrhizobium,sp.,LTSP885.,,,,,,,,,,,,,,,,,
A0A070KTL1_ECOLX,Bacteria,Proteobacteria,Gammaproteobacteria,Enterobacteriales,Enterobacteriaceae,Escherichia,coli,2-156-04_S3_C2.,,,,,,,,,,,,,,,,,
W1AMR3_KLEPN,Bacteria,Proteobacteria,Gammaproteobacteria,Enterobacteriales,Enterobacteriaceae,Klebsiella,pneumoniae,IS22.,,,,,,,,,,,,,,,,,
V0XU24_ECOLX,Bacteria,Proteobacteria,Gammaproteobacteria,Enterobacteriales,Enterobacteriaceae,Escherichia,coli,908525.,,,,,,,,,,,,,,,,,
I4T048_ECOLX,Bacteria,Proteobacteria,Gammaproteobacteria,Enterobacteriales,Enterobacteriaceae,Escherichia,coli,541-15.,,,,,,,,,,,,,,,,,
W6WPN6_9BURK,Bacteria,Proteobacteria,Betaproteobacteria,Burkholderiales,Burkholderiaceae,Burkholderia,sp.,BT03.,,,,,,,,,,,,,,,,,
N3F101_ECOLX,Bacteria,Proteobacteria,Gammaproteobacteria,Enterobacteriales,Enterobacteriaceae,Escherichia,coli,P0301867.11.,,,,,,,,,,,,,,,,,
W6WJB2_9BURK,Bacteria,Proteobacteria,Betaproteobacteria,Burkholderiales,Burkholderiaceae,Burkholderia,sp.,BT03.,,,,,,,,,,,,,,,,,
W6X1T5_9BURK,Bacteria,Proteobacteria,Betaproteobacteria,Burkholderiales,Burkholderiaceae,Burkholderia,sp.,BT03.,,,,,,,,,,,,,,,,,
E9TL39_ECOLX,Bacteria,Proteobacteria,Gammaproteobacteria,Enterobacteriales,Enterobacteriaceae,Escherichia,coli,MS,117-3.,,,,,,,,,,,,,,,,
D8BWK1_ECOLX,Bacteria,Proteobacteria,Gammaproteobacteria,Enterobacteriales,Enterobacteriaceae,Escherichia,coli,MS,196-1.,,,,,,,,,,,,,,,,
B3X0F8_SHIDY,Bacteria,Proteobacteria,Gammaproteobacteria,Enterobacteriales,Enterobacteriaceae,Shigella,dysenteriae,1012.,,,,,,,,,,,,,,,,,
L2XGZ3_ECOLX,Bacteria,Proteobacteria,Gammaproteobacteria,Enterobacteriales,Enterobacteriaceae,Escherichia,coli,KTE21.,,,,,,,,,,,,,,,,,
A0A069X7H5_ECOLX,Bacteria,Proteobacteria,Gammaproteobacteria,Enterobacteriales,Enterobacteriaceae,Escherichia,coli,3-267-03_S4_C2.,,,,,,,,,,,,,,,,,
D7ZQ76_ECOLX,Bacteria,Proteobacteria,Gammaproteobacteria,Enterobacteriales,Enterobacteriaceae,Escherichia,coli,MS,187-1.,,,,,,,,,,,,,,,,
M9IG24_ECOLX,Bacteria,Proteobacteria,Gammaproteobacteria,Enterobacteriales,Enterobacteriaceae,Escherichia,coli,MP020980.2.,,,,,,,,,,,,,,,,,
T5UN24_ECOLX,Bacteria,Proteobacteria,Gammaproteobacteria,Enterobacteriales,Enterobacteriaceae,Escherichia,coli,HVH,25,(4-5851939).,,,,,,,,,,,,,,,
T9AB42_ECOLX,Bacteria,Proteobacteria,Gammaproteobacteria,Enterobacteriales,Enterobacteriaceae,Escherichia,coli,UMEA,3200-1.,,,,,,,,,,,,,,,,
N2H5J1_ECOLX,Bacteria,Proteobacteria,Gammaproteobacteria,Enterobacteriales,Enterobacteriaceae,Escherichia,coli,P0299917.1.,,,,,,,,,,,,,,,,,
V8FJ36_ECOLX,Bacteria,Proteobacteria,Gammaproteobacteria,Enterobacteriales,Enterobacteriaceae,Escherichia,coli,ATCC,BAA-2209.,,,,,,,,,,,,,,,,
H4HZ05_ECOLX,Bacteria,Proteobacteria,Gammaproteobacteria,Enterobacteriales,Enterobacteriaceae,Escherichia,coli,DEC1A.,,,,,,,,,,,,,,,,,
M7Y8F1_9RHIZ,Bacteria,Proteobacteria,Alphaproteobacteria,Rhizobiales,Methylobacteriaceae,Methylobacterium,mesophilicum,SR1.6/6.,,,,,,,,,,,,,,,,,
M7YVR3_9RHIZ,Bacteria,Proteobacteria,Alphaproteobacteria,Rhizobiales,Methylobacteriaceae,Methylobacterium,mesophilicum,SR1.6/6.,,,,,,,,,,,,,,,,,
V4RKX8_9RHIZ,Bacteria,Proteobacteria,Alphaproteobacteria,Rhizobiales,Rhodobiaceae,Lutibaculum,baratangense,AMV1.,,,,,,,,,,,,,,,,,
E1HSG9_ECOLX,Bacteria,Proteobacteria,Gammaproteobacteria,Enterobacteriales,Enterobacteriaceae,Escherichia,coli,MS,146-1.,,,,,,,,,,,,,,,,
N4NYS2_ECOLX,Bacteria,Proteobacteria,Gammaproteobacteria,Enterobacteriales,Enterobacteriaceae,Escherichia,coli,P0301867.5.,,,,,,,,,,,,,,,,,
C3X2D4_OXAFO,Bacteria,Proteobacteria,Betaproteobacteria,Burkholderiales,Oxalobacteraceae,Oxalobacter,formigenes,HOxBLS.,,,,,,,,,,,,,,,,,
F3WKB1_SHIBO,Bacteria,Proteobacteria,Gammaproteobacteria,Enterobacteriales,Enterobacteriaceae,Shigella,boydii,5216-82.,,,,,,,,,,,,,,,,,
U9Y7A5_ECOLX,Bacteria,Proteobacteria,Gammaproteobacteria,Enterobacteriales,Enterobacteriaceae,Escherichia,coli,110957.,,,,,,,,,,,,,,,,,
X7P683_ECOLX,Bacteria,Proteobacteria,Gammaproteobacteria,Enterobacteriales,Enterobacteriaceae,Escherichia,coli,BWH,40.,,,,,,,,,,,,,,,,
E0MRZ9_9RHOB,Bacteria,Proteobacteria,Alphaproteobacteria,Rhodobacterales,Rhodobacteraceae,Ahrensia,sp.,R2A130.,,,,,,,,,,,,,,,,,
E0MTY8_9RHOB,Bacteria,Proteobacteria,Alphaproteobacteria,Rhodobacterales,Rhodobacteraceae,Ahrensia,sp.,R2A130.,,,,,,,,,,,,,,,,,
S0YLF4_ECOLX,Bacteria,Proteobacteria,Gammaproteobacteria,Enterobacteriales,Enterobacteriaceae,Escherichia,coli,KTE38.,,,,,,,,,,,,,,,,,
A0A0C7MK19_SHIFL,Bacteria,Proteobacteria,Gammaproteobacteria,Enterobacteriales,Enterobacteriaceae,Shigella,flexneri,2a.,,,,,,,,,,,,,,,,,
E1J8U8_ECOLX,Bacteria,Proteobacteria,Gammaproteobacteria,Enterobacteriales,Enterobacteriaceae,Escherichia,coli,MS,124-1.,,,,,,,,,,,,,,,,
H0T3B7_9BRAD,Bacteria,Proteobacteria,Alphaproteobacteria,Rhizobiales,Bradyrhizobiaceae,Bradyrhizobium,sp.,STM,3809.,,,,,,,,,,,,,,,,
V0UR98_ECOLX,Bacteria,Proteobacteria,Gammaproteobacteria,Enterobacteriales,Enterobacteriaceae,Escherichia,coli,908519.,,,,,,,,,,,,,,,,,
I2S1Q6_ECOLX,Bacteria,Proteobacteria,Gammaproteobacteria,Enterobacteriales,Enterobacteriaceae,Escherichia,coli,97.0246.,,,,,,,,,,,,,,,,,
H4JPZ3_ECOLX,Bacteria,Proteobacteria,Gammaproteobacteria,Enterobacteriales,Enterobacteriaceae,Escherichia,coli,DEC1E.,,,,,,,,,,,,,,,,,
A0A070SKW5_ECOLX,Bacteria,Proteobacteria,Gammaproteobacteria,Enterobacteriales,Enterobacteriaceae,Escherichia,coli,2-210-07_S3_C3.,,,,,,,,,,,,,,,,,
N4PJC9_ECOLX,Bacteria,Proteobacteria,Gammaproteobacteria,Enterobacteriales,Enterobacteriaceae,Escherichia,coli,P0301867.7.,,,,,,,,,,,,,,,,,
H4ULZ7_ECOLX,Bacteria,Proteobacteria,Gammaproteobacteria,Enterobacteriales,Enterobacteriaceae,Escherichia,coli,DEC6A.,,,,,,,,,,,,,,,,,
A0A0D1NKY5_BRAEL,Bacteria,Proteobacteria,Alphaproteobacteria,Rhizobiales,Bradyrhizobiaceae,Bradyrhizobium,elkanii.,,,,,,,,,,,,,,,,,,
A0A073HBS9_ECOLX,Bacteria,Proteobacteria,Gammaproteobacteria,Enterobacteriales,Enterobacteriaceae,Escherichia,coli,5-366-08_S1_C3.,,,,,,,,,,,,,,,,,
M9GF19_ECOLX,Bacteria,Proteobacteria,Gammaproteobacteria,Enterobacteriales,Enterobacteriaceae,Escherichia,coli,MP021561.2.,,,,,,,,,,,,,,,,,
A0A070CF07_ECOLX,Bacteria,Proteobacteria,Gammaproteobacteria,Enterobacteriales,Enterobacteriaceae,Escherichia,coli,O145:H25,str.,07-3858.,,,,,,,,,,,,,,,
S1H0Q8_ECOLX,Bacteria,Proteobacteria,Gammaproteobacteria,Enterobacteriales,Enterobacteriaceae,Escherichia,coli,KTE102.,,,,,,,,,,,,,,,,,
D7Y9Y3_ECOLX,Bacteria,Proteobacteria,Gammaproteobacteria,Enterobacteriales,Enterobacteriaceae,Escherichia,coli,MS,115-1.,,,,,,,,,,,,,,,,
A0A063X1Z2_ACEAC,Bacteria,Proteobacteria,Alphaproteobacteria,Rhodospirillales,Acetobacteraceae,Acetobacter,aceti,1023.,,,,,,,,,,,,,,,,,
H4YZ10_ECOLX,Bacteria,Proteobacteria,Gammaproteobacteria,Enterobacteriales,Enterobacteriaceae,Escherichia,coli,DEC8A.,,,,,,,,,,,,,,,,,
A0A0C2C764_9BURK,Bacteria,Proteobacteria,Betaproteobacteria,Burkholderiales,Burkholderiaceae,Burkholderia,sp.,MR1.,,,,,,,,,,,,,,,,,
N2IVB2_ECOLX,Bacteria,Proteobacteria,Gammaproteobacteria,Enterobacteriales,Enterobacteriaceae,Escherichia,coli,BCE007_MS-11.,,,,,,,,,,,,,,,,,
S1HQL3_ECOLX,Bacteria,Proteobacteria,Gammaproteobacteria,Enterobacteriales,Enterobacteriaceae,Escherichia,coli,KTE103.,,,,,,,,,,,,,,,,,
S1IQG6_ECOLX,Bacteria,Proteobacteria,Gammaproteobacteria,Enterobacteriales,Enterobacteriaceae,Escherichia,coli,KTE107.,,,,,,,,,,,,,,,,,
A0A099IR79_9BRAD,Bacteria,Proteobacteria,Alphaproteobacteria,Rhizobiales,Bradyrhizobiaceae,Bradyrhizobium,diazoefficiens,SEMIA,5080.,,,,,,,,,,,,,,,,
D8E2V2_ECOLX,Bacteria,Proteobacteria,Gammaproteobacteria,Enterobacteriales,Enterobacteriaceae,Escherichia,coli,MS,119-7.,,,,,,,,,,,,,,,,
A0A080FNY0_ECOLX,Bacteria,Proteobacteria,Gammaproteobacteria,Enterobacteriales,Enterobacteriaceae,Escherichia,coli,1-392-07_S4_C3.,,,,,,,,,,,,,,,,,
A0A080EGI9_ECOLX,Bacteria,Proteobacteria,Gammaproteobacteria,Enterobacteriales,Enterobacteriaceae,Escherichia,coli,6-537-08_S1_C2.,,,,,,,,,,,,,,,,,
A0A074HTF0_ECOLX,Bacteria,Proteobacteria,Gammaproteobacteria,Enterobacteriales,Enterobacteriaceae,Escherichia,coli,1-392-07_S4_C1.,,,,,,,,,,,,,,,,,
A0A0A6QC90_9BURK,Bacteria,Proteobacteria,Betaproteobacteria,Burkholderiales,Burkholderiaceae,Burkholderia,sacchari.,,,,,,,,,,,,,,,,,,
A0A0A6QDU3_9BURK,Bacteria,Proteobacteria,Betaproteobacteria,Burkholderiales,Burkholderiaceae,Burkholderia,sacchari.,,,,,,,,,,,,,,,,,,
L5H5E9_ECOLX,Bacteria,Proteobacteria,Gammaproteobacteria,Enterobacteriales,Enterobacteriaceae,Escherichia,coli,KTE85.,,,,,,,,,,,,,,,,,
S1PUU1_ECOLX,Bacteria,Proteobacteria,Gammaproteobacteria,Enterobacteriales,Enterobacteriaceae,Escherichia,coli,KTE182.,,,,,,,,,,,,,,,,,
C3X9Y2_OXAFO,Bacteria,Proteobacteria,Betaproteobacteria,Burkholderiales,Oxalobacteraceae,Oxalobacter,formigenes,OXCC13.,,,,,,,,,,,,,,,,,
A0A059IPZ9_9RHOB,Bacteria,Proteobacteria,Alphaproteobacteria,Rhodobacterales,Rhodobacteraceae,Defluviimonas,sp.,20V17.,,,,,,,,,,,,,,,,,
A0A059IP99_9RHOB,Bacteria,Proteobacteria,Alphaproteobacteria,Rhodobacterales,Rhodobacteraceae,Defluviimonas,sp.,20V17.,,,,,,,,,,,,,,,,,
A0A079F1K5_ECOLX,Bacteria,Proteobacteria,Gammaproteobacteria,Enterobacteriales,Enterobacteriaceae,Escherichia,coli,2-460-02_S3_C1.,,,,,,,,,,,,,,,,,
U9YJJ2_ECOLX,Bacteria,Proteobacteria,Gammaproteobacteria,Enterobacteriales,Enterobacteriaceae,Escherichia,coli,113290.,,,,,,,,,,,,,,,,,
L2V009_ECOLX,Bacteria,Proteobacteria,Gammaproteobacteria,Enterobacteriales,Enterobacteriaceae,Escherichia,coli,KTE10.,,,,,,,,,,,,,,,,,
V2TCJ4_ECOLX,Bacteria,Proteobacteria,Gammaproteobacteria,Enterobacteriales,Enterobacteriaceae,Escherichia,coli,UMEA,3323-1.,,,,,,,,,,,,,,,,
A0A073UIQ6_ECOLX,Bacteria,Proteobacteria,Gammaproteobacteria,Enterobacteriales,Enterobacteriaceae,Escherichia,coli,5-366-08_S1_C1.,,,,,,,,,,,,,,,,,
D1P668_9ENTR,Bacteria,Proteobacteria,Gammaproteobacteria,Enterobacteriales,Enterobacteriaceae,Providencia,rustigianii,DSM,4541.,,,,,,,,,,,,,,,,
D1P665_9ENTR,Bacteria,Proteobacteria,Gammaproteobacteria,Enterobacteriales,Enterobacteriaceae,Providencia,rustigianii,DSM,4541.,,,,,,,,,,,,,,,,
W9H2Y1_9PROT,Bacteria,Proteobacteria,Alphaproteobacteria,Rhodospirillales,Rhodospirillaceae,Skermanella,stibiiresistens,SB22.,,,,,,,,,,,,,,,,,
D6I9V2_ECOLX,Bacteria,Proteobacteria,Gammaproteobacteria,Enterobacteriales,Enterobacteriaceae,Escherichia,coli,B185.,,,,,,,,,,,,,,,,,
K5C4M1_ECOLX,Bacteria,Proteobacteria,Gammaproteobacteria,Enterobacteriales,Enterobacteriaceae,Escherichia,coli,AD30.,,,,,,,,,,,,,,,,,
H5JKU2_ECOLX,Bacteria,Proteobacteria,Gammaproteobacteria,Enterobacteriales,Enterobacteriaceae,Escherichia,coli,DEC12C.,,,,,,,,,,,,,,,,,
N3JZY5_ECOLX,Bacteria,Proteobacteria,Gammaproteobacteria,Enterobacteriales,Enterobacteriaceae,Escherichia,coli,MP020980.1.,,,,,,,,,,,,,,,,,
V6FI98_ECOLX,Bacteria,Proteobacteria,Gammaproteobacteria,Enterobacteriales,Enterobacteriaceae,Escherichia,coli,97.0259.,,,,,,,,,,,,,,,,,
J7RTJ6_ECOLX,Bacteria,Proteobacteria,Gammaproteobacteria,Enterobacteriales,Enterobacteriaceae,Escherichia,coli,chi7122.,,,,,,,,,,,,,,,,,
H1UK96_ACEPA,Bacteria,Proteobacteria,Alphaproteobacteria,Rhodospirillales,Acetobacteraceae,Acetobacter,pasteurianus,NBRC,101655.,,,,,,,,,,,,,,,,
A0A073U1G7_ECOLX,Bacteria,Proteobacteria,Gammaproteobacteria,Enterobacteriales,Enterobacteriaceae,Escherichia,coli,3-373-03_S4_C3.,,,,,,,,,,,,,,,,,
A0A0A0D1R6_9PROT,Bacteria,Proteobacteria,Alphaproteobacteria,Rhodospirillales,Rhodospirillaceae,Inquilinus,limosus,MP06.,,,,,,,,,,,,,,,,,
S0XUP1_ECOLX,Bacteria,Proteobacteria,Gammaproteobacteria,Enterobacteriales,Enterobacteriaceae,Escherichia,coli,KTE37.,,,,,,,,,,,,,,,,,
D7YCQ8_ECOLX,Bacteria,Proteobacteria,Gammaproteobacteria,Enterobacteriales,Enterobacteriaceae,Escherichia,coli,MS,182-1.,,,,,,,,,,,,,,,,
A0A029IQF3_ECOLX,Bacteria,Proteobacteria,Gammaproteobacteria,Enterobacteriales,Enterobacteriaceae,Escherichia,coli,2-005-03_S4_C2.,,,,,,,,,,,,,,,,,
N2QS51_ECOLX,Bacteria,Proteobacteria,Gammaproteobacteria,Enterobacteriales,Enterobacteriaceae,Escherichia,coli,2875150.,,,,,,,,,,,,,,,,,
W1BUS9_ECOLX,Bacteria,Proteobacteria,Gammaproteobacteria,Enterobacteriales,Enterobacteriaceae,Escherichia,coli,IS25.,,,,,,,,,,,,,,,,,
A0A069Z2M7_ECOLX,Bacteria,Proteobacteria,Gammaproteobacteria,Enterobacteriales,Enterobacteriaceae,Escherichia,coli,3-373-03_S4_C1.,,,,,,,,,,,,,,,,,
A0A064THU4_ECOLX,Bacteria,Proteobacteria,Gammaproteobacteria,Enterobacteriales,Enterobacteriaceae,Escherichia,coli,UCI,65.,,,,,,,,,,,,,,,,
B1FZU5_9BURK,Bacteria,Proteobacteria,Betaproteobacteria,Burkholderiales,Burkholderiaceae,Burkholderia,graminis,C4D1M.,,,,,,,,,,,,,,,,,
A0A070YTP9_ECOLX,Bacteria,Proteobacteria,Gammaproteobacteria,Enterobacteriales,Enterobacteriaceae,Escherichia,coli,2-222-05_S3_C3.,,,,,,,,,,,,,,,,,
A0A0A8UGC8_ECOLX,Bacteria,Proteobacteria,Gammaproteobacteria,Enterobacteriales,Enterobacteriaceae,Escherichia,coli,O26:H11.,,,,,,,,,,,,,,,,,
J2KWR0_9BURK,Bacteria,Proteobacteria,Betaproteobacteria,Burkholderiales,Comamonadaceae,Variovorax,sp.,CF313.,,,,,,,,,,,,,,,,,
J2T7D9_9BURK,Bacteria,Proteobacteria,Betaproteobacteria,Burkholderiales,Comamonadaceae,Variovorax,sp.,CF313.,,,,,,,,,,,,,,,,,
S1DPC1_ECOLX,Bacteria,Proteobacteria,Gammaproteobacteria,Enterobacteriales,Enterobacteriaceae,Escherichia,coli,KTE69.,,,,,,,,,,,,,,,,,
H0TV15_9BRAD,Bacteria,Proteobacteria,Alphaproteobacteria,Rhizobiales,Bradyrhizobiaceae,Bradyrhizobium,sp.,STM,3843.,,,,,,,,,,,,,,,,
M9GBV0_ECOLX,Bacteria,Proteobacteria,Gammaproteobacteria,Enterobacteriales,Enterobacteriaceae,Escherichia,coli,P0301867.1.,,,,,,,,,,,,,,,,,
E9YQM3_ECOLX,Bacteria,Proteobacteria,Gammaproteobacteria,Enterobacteriales,Enterobacteriaceae,Escherichia,coli,M863.,,,,,,,,,,,,,,,,,
A0A073H3B0_ECOLX,Bacteria,Proteobacteria,Gammaproteobacteria,Enterobacteriales,Enterobacteriaceae,Escherichia,coli,3-020-07_S3_C2.,,,,,,,,,,,,,,,,,
K8P004_9BRAD,Bacteria,Proteobacteria,Alphaproteobacteria,Rhizobiales,Bradyrhizobiaceae,Afipia,clevelandensis,ATCC,49720.,,,,,,,,,,,,,,,,
V0RB58_ECOLX,Bacteria,Proteobacteria,Gammaproteobacteria,Enterobacteriales,Enterobacteriaceae,Escherichia,coli,113302.,,,,,,,,,,,,,,,,,
H4KJP2_ECOLX,Bacteria,Proteobacteria,Gammaproteobacteria,Enterobacteriales,Enterobacteriaceae,Escherichia,coli,DEC2C.,,,,,,,,,,,,,,,,,
A3W617_9RHOB,Bacteria,Proteobacteria,Alphaproteobacteria,Rhodobacterales,Rhodobacteraceae,Roseovarius,sp.,217.,,,,,,,,,,,,,,,,,
A0A016XI66_9BURK,Bacteria,Proteobacteria,Betaproteobacteria,Burkholderiales,Comamonadaceae,Hylemonella,gracilis,str.,Niagara,R.,,,,,,,,,,,,,,,
A0A070NWX4_ECOLX,Bacteria,Proteobacteria,Gammaproteobacteria,Enterobacteriales,Enterobacteriaceae,Escherichia,coli,1-392-07_S1_C1.,,,,,,,,,,,,,,,,,
V8K1C4_ECOLX,Bacteria,Proteobacteria,Gammaproteobacteria,Enterobacteriales,Enterobacteriaceae,Escherichia,coli,LAU-EC10.,,,,,,,,,,,,,,,,,
A0A016XIC7_9BURK,Bacteria,Proteobacteria,Betaproteobacteria,Burkholderiales,Comamonadaceae,Hylemonella,gracilis,str.,Niagara,R.,,,,,,,,,,,,,,,
V0A7Q9_ECOLX,Bacteria,Proteobacteria,Gammaproteobacteria,Enterobacteriales,Enterobacteriaceae,Escherichia,coli,909945-2.,,,,,,,,,,,,,,,,,
A0A0D7F343_RHOPL,Bacteria,Proteobacteria,Alphaproteobacteria,Rhizobiales,Bradyrhizobiaceae,Rhodopseudomonas,palustris.,,,,,,,,,,,,,,,,,,
A0A0D7F737_RHOPL,Bacteria,Proteobacteria,Alphaproteobacteria,Rhizobiales,Bradyrhizobiaceae,Rhodopseudomonas,palustris.,,,,,,,,,,,,,,,,,,
A0A0D7F747_RHOPL,Bacteria,Proteobacteria,Alphaproteobacteria,Rhizobiales,Bradyrhizobiaceae,Rhodopseudomonas,palustris.,,,,,,,,,,,,,,,,,,
U9XLW2_ECOLX,Bacteria,Proteobacteria,Gammaproteobacteria,Enterobacteriales,Enterobacteriaceae,Escherichia,coli,113303.,,,,,,,,,,,,,,,,,
M8K1M0_ECOLX,Bacteria,Proteobacteria,Gammaproteobacteria,Enterobacteriales,Enterobacteriaceae,Escherichia,coli,MP021552.7.,,,,,,,,,,,,,,,,,
A0A0A3ZIG9_DICCH,Bacteria,Proteobacteria,Gammaproteobacteria,Enterobacteriales,Enterobacteriaceae,Dickeya,chrysanthemi,(Pectobacterium,chrysanthemi),(Erwinia,chrysanthemi).,,,,,,,,,,,,,,
A0A0A3ZJA9_DICCH,Bacteria,Proteobacteria,Gammaproteobacteria,Enterobacteriales,Enterobacteriaceae,Dickeya,chrysanthemi,(Pectobacterium,chrysanthemi),(Erwinia,chrysanthemi).,,,,,,,,,,,,,,
V2I8Z6_9BURK,Bacteria,Proteobacteria,Betaproteobacteria,Burkholderiales,Burkholderiaceae,Cupriavidus,sp.,HPC(L).,,,,,,,,,,,,,,,,,
E7SY91_SHIBO,Bacteria,Proteobacteria,Gammaproteobacteria,Enterobacteriales,Enterobacteriaceae,Shigella,boydii,ATCC,9905.,,,,,,,,,,,,,,,,
N2RZZ6_ECOLX,Bacteria,Proteobacteria,Gammaproteobacteria,Enterobacteriales,Enterobacteriaceae,Escherichia,coli,BCE030_MS-09.,,,,,,,,,,,,,,,,,
B9NWG1_9RHOB,Bacteria,Proteobacteria,Alphaproteobacteria,Rhodobacterales,Rhodobacteraceae.,Rhodobacteraceae,bacterium,KLH11.,,,,,,,,,,,,,,,,,
V1A2I9_ECOLX,Bacteria,Proteobacteria,Gammaproteobacteria,Enterobacteriales,Enterobacteriaceae,Escherichia,coli,908573.,,,,,,,,,,,,,,,,,
D6V5L4_9BRAD,Bacteria,Proteobacteria,Alphaproteobacteria,Rhizobiales,Bradyrhizobiaceae,Afipia,sp.,1NLS2.,,,,,,,,,,,,,,,,,
E2X6S3_SHIDY,Bacteria,Proteobacteria,Gammaproteobacteria,Enterobacteriales,Enterobacteriaceae,Shigella,dysenteriae,1617.,,,,,,,,,,,,,,,,,
A0A026UK07_ECOLX,Bacteria,Proteobacteria,Gammaproteobacteria,Enterobacteriales,Enterobacteriaceae,Escherichia,coli,O174:H8,str.,04-3038.,,,,,,,,,,,,,,,
F7MYQ2_ECOLX,Bacteria,Proteobacteria,Gammaproteobacteria,Enterobacteriales,Enterobacteriaceae,Escherichia,coli,PCN033.,,,,,,,,,,,,,,,,,
V4D0Q8_ECOLX,Bacteria,Proteobacteria,Gammaproteobacteria,Enterobacteriales,Enterobacteriaceae,Escherichia,coli,HVH,36,(4-5675286).,,,,,,,,,,,,,,,
W4LZ74_9DELT,Bacteria,Proteobacteria,Deltaproteobacteria,Candidatus,Entotheonella.,Candidatus,Entotheonella,sp.,TSY1.,,,,,,,,,,,,,,,,
A0A071AGY6_ECOLX,Bacteria,Proteobacteria,Gammaproteobacteria,Enterobacteriales,Enterobacteriaceae,Escherichia,coli,2-460-02_S3_C2.,,,,,,,,,,,,,,,,,
E9YHC3_ECOLX,Bacteria,Proteobacteria,Gammaproteobacteria,Enterobacteriales,Enterobacteriaceae,Escherichia,coli,TA007.,,,,,,,,,,,,,,,,,
A0A079GP64_ECOLX,Bacteria,Proteobacteria,Gammaproteobacteria,Enterobacteriales,Enterobacteriaceae,Escherichia,coli,2-474-04_S3_C2.,,,,,,,,,,,,,,,,,
A0A074IE84_ECOLX,Bacteria,Proteobacteria,Gammaproteobacteria,Enterobacteriales,Enterobacteriaceae,Escherichia,coli,2-177-06_S3_C3.,,,,,,,,,,,,,,,,,
A0A069XSE0_ECOLX,Bacteria,Proteobacteria,Gammaproteobacteria,Enterobacteriales,Enterobacteriaceae,Escherichia,coli,3-373-03_S4_C2.,,,,,,,,,,,,,,,,,
F8XEL6_ECOLX,Bacteria,Proteobacteria,Gammaproteobacteria,Enterobacteriales,Enterobacteriaceae,Escherichia,coli,MS,79-10.,,,,,,,,,,,,,,,,
M8KFL4_ECOLX,Bacteria,Proteobacteria,Gammaproteobacteria,Enterobacteriales,Enterobacteriaceae,Escherichia,coli,MP021552.12.,,,,,,,,,,,,,,,,,
I2VTU5_ECOLX,Bacteria,Proteobacteria,Gammaproteobacteria,Enterobacteriales,Enterobacteriaceae,Escherichia,coli,5.0959.,,,,,,,,,,,,,,,,,
A0A080I2S3_ECOLX,Bacteria,Proteobacteria,Gammaproteobacteria,Enterobacteriales,Enterobacteriaceae,Escherichia,coli,5-366-08_S4_C1.,,,,,,,,,,,,,,,,,
V1AFT6_ECOLX,Bacteria,Proteobacteria,Gammaproteobacteria,Enterobacteriales,Enterobacteriaceae,Escherichia,coli,908658.,,,,,,,,,,,,,,,,,
I6CIJ7_SHIFL,Bacteria,Proteobacteria,Gammaproteobacteria,Enterobacteriales,Enterobacteriaceae,Shigella,flexneri,K-315.,,,,,,,,,,,,,,,,,
L3QIS9_ECOLX,Bacteria,Proteobacteria,Gammaproteobacteria,Enterobacteriales,Enterobacteriaceae,Escherichia,coli,KTE76.,,,,,,,,,,,,,,,,,
I2XER9_ECOLX,Bacteria,Proteobacteria,Gammaproteobacteria,Enterobacteriales,Enterobacteriaceae,Escherichia,coli,2.3916.,,,,,,,,,,,,,,,,,
M9H043_ECOLX,Bacteria,Proteobacteria,Gammaproteobacteria,Enterobacteriales,Enterobacteriaceae,Escherichia,coli,MP021552.8.,,,,,,,,,,,,,,,,,
I0VSZ8_ECOLX,Bacteria,Proteobacteria,Gammaproteobacteria,Enterobacteriales,Enterobacteriaceae,Escherichia,coli,W26.,,,,,,,,,,,,,,,,,
E1I599_ECOLX,Bacteria,Proteobacteria,Gammaproteobacteria,Enterobacteriales,Enterobacteriaceae,Escherichia,coli,MS,78-1.,,,,,,,,,,,,,,,,
H0SDJ2_9BRAD,Bacteria,Proteobacteria,Alphaproteobacteria,Rhizobiales,Bradyrhizobiaceae,Bradyrhizobium,sp.,ORS,375.,,,,,,,,,,,,,,,,
I2WWT8_ECOLX,Bacteria,Proteobacteria,Gammaproteobacteria,Enterobacteriales,Enterobacteriaceae,Escherichia,coli,4.0967.,,,,,,,,,,,,,,,,,
A0A028C9U0_ECOLX,Bacteria,Proteobacteria,Gammaproteobacteria,Enterobacteriales,Enterobacteriaceae,Escherichia,coli,O123:H11,str.,2009C-3307.,,,,,,,,,,,,,,,
A0A070FGR8_ECOLX,Bacteria,Proteobacteria,Gammaproteobacteria,Enterobacteriales,Enterobacteriaceae,Escherichia,coli,O128:H2,str.,2011C-3317.,,,,,,,,,,,,,,,
A0A080GJG1_ECOLX,Bacteria,Proteobacteria,Gammaproteobacteria,Enterobacteriales,Enterobacteriaceae,Escherichia,coli,2-222-05_S3_C1.,,,,,,,,,,,,,,,,,
S0XPP1_ECOLX,Bacteria,Proteobacteria,Gammaproteobacteria,Enterobacteriales,Enterobacteriaceae,Escherichia,coli,KTE36.,,,,,,,,,,,,,,,,,
A0A071LMH9_9ENTR,Bacteria,Proteobacteria,Gammaproteobacteria,Enterobacteriales,Enterobacteriaceae,Mangrovibacter,sp.,MFB070.,,,,,,,,,,,,,,,,,
A0A073FUP6_ECOLX,Bacteria,Proteobacteria,Gammaproteobacteria,Enterobacteriales,Enterobacteriaceae,Escherichia,coli,2-427-07_S4_C3.,,,,,,,,,,,,,,,,,
F4VWS9_ECOLX,Bacteria,Proteobacteria,Gammaproteobacteria,Enterobacteriales,Enterobacteriaceae,Escherichia,coli,H299.,,,,,,,,,,,,,,,,,
A0A071LN49_9ENTR,Bacteria,Proteobacteria,Gammaproteobacteria,Enterobacteriales,Enterobacteriaceae,Mangrovibacter,sp.,MFB070.,,,,,,,,,,,,,,,,,
L3KK13_ECOLX,Bacteria,Proteobacteria,Gammaproteobacteria,Enterobacteriales,Enterobacteriaceae,Escherichia,coli,KTE51.,,,,,,,,,,,,,,,,,
V0U8F5_ECOLX,Bacteria,Proteobacteria,Gammaproteobacteria,Enterobacteriales,Enterobacteriaceae,Escherichia,coli,907710.,,,,,,,,,,,,,,,,,
A0A0B2TU78_9ENTR,Bacteria,Proteobacteria,Gammaproteobacteria,Enterobacteriales,Enterobacteriaceae,Dickeya,solani.,,,,,,,,,,,,,,,,,,
A0A0B2TU07_9ENTR,Bacteria,Proteobacteria,Gammaproteobacteria,Enterobacteriales,Enterobacteriaceae,Dickeya,solani.,,,,,,,,,,,,,,,,,,
S1GTH4_ECOLX,Bacteria,Proteobacteria,Gammaproteobacteria,Enterobacteriales,Enterobacteriaceae,Escherichia,coli,KTE100.,,,,,,,,,,,,,,,,,
V0XN26_ECOLX,Bacteria,Proteobacteria,Gammaproteobacteria,Enterobacteriales,Enterobacteriaceae,Escherichia,coli,908555.,,,,,,,,,,,,,,,,,
E6BH40_ECOLX,Bacteria,Proteobacteria,Gammaproteobacteria,Enterobacteriales,Enterobacteriaceae,Escherichia,coli,MS,85-1.,,,,,,,,,,,,,,,,
H5J411_ECOLX,Bacteria,Proteobacteria,Gammaproteobacteria,Enterobacteriales,Enterobacteriaceae,Escherichia,coli,DEC12B.,,,,,,,,,,,,,,,,,
A6DYT1_9RHOB,Bacteria,Proteobacteria,Alphaproteobacteria,Rhodobacterales,Rhodobacteraceae,Roseovarius,sp.,TM1035.,,,,,,,,,,,,,,,,,
D8EMR8_ECOLX,Bacteria,Proteobacteria,Gammaproteobacteria,Enterobacteriales,Enterobacteriaceae,Escherichia,coli,MS,107-1.,,,,,,,,,,,,,,,,
A0A070PMZ4_ECOLX,Bacteria,Proteobacteria,Gammaproteobacteria,Enterobacteriales,Enterobacteriaceae,Escherichia,coli,1-392-07_S1_C2.,,,,,,,,,,,,,,,,,
T9ILG9_ECOLX,Bacteria,Proteobacteria,Gammaproteobacteria,Enterobacteriales,Enterobacteriaceae,Escherichia,coli,UMEA,3304-1.,,,,,,,,,,,,,,,,
H4KZZ7_ECOLX,Bacteria,Proteobacteria,Gammaproteobacteria,Enterobacteriales,Enterobacteriaceae,Escherichia,coli,DEC2D.,,,,,,,,,,,,,,,,,
S1E2P2_ECOLX,Bacteria,Proteobacteria,Gammaproteobacteria,Enterobacteriales,Enterobacteriaceae,Escherichia,coli,KTE70.,,,,,,,,,,,,,,,,,
A0A079YC91_ECOLX,Bacteria,Proteobacteria,Gammaproteobacteria,Enterobacteriales,Enterobacteriaceae,Escherichia,coli,3-020-07_S4_C1.,,,,,,,,,,,,,,,,,
I9LH73_9RHIZ,Bacteria,Proteobacteria,Alphaproteobacteria,Rhizobiales,Methylobacteriaceae,Methylobacterium,sp.,GXF4.,,,,,,,,,,,,,,,,,
I9WRJ4_9RHIZ,Bacteria,Proteobacteria,Alphaproteobacteria,Rhizobiales,Methylobacteriaceae,Methylobacterium,sp.,GXF4.,,,,,,,,,,,,,,,,,
D6HZF5_ECOLX,Bacteria,Proteobacteria,Gammaproteobacteria,Enterobacteriales,Enterobacteriaceae,Escherichia,coli,B088.,,,,,,,,,,,,,,,,,
A0A079FZL7_ECOLX,Bacteria,Proteobacteria,Gammaproteobacteria,Enterobacteriales,Enterobacteriaceae,Escherichia,coli,2-460-02_S3_C3.,,,,,,,,,,,,,,,,,
E0XS60_9PROT,Bacteria,Proteobacteria,Alphaproteobacteria,NA,NA,uncultured,alpha,proteobacterium,HF0070_14E07.,,,,,,,,,,,,,,,,
H3KRJ0_ECOLX,Bacteria,Proteobacteria,Gammaproteobacteria,Enterobacteriales,Enterobacteriaceae,Escherichia,coli,DEC2B.,,,,,,,,,,,,,,,,,
L4VC45_ECOLX,Bacteria,Proteobacteria,Gammaproteobacteria,Enterobacteriales,Enterobacteriaceae,Escherichia,coli,KTE112.,,,,,,,,,,,,,,,,,
H4LF07_ECOLX,Bacteria,Proteobacteria,Gammaproteobacteria,Enterobacteriales,Enterobacteriaceae,Escherichia,coli,DEC2E.,,,,,,,,,,,,,,,,,
E7SQW7_SHIDY,Bacteria,Proteobacteria,Gammaproteobacteria,Enterobacteriales,Enterobacteriaceae,Shigella,dysenteriae,CDC,74-1112.,,,,,,,,,,,,,,,,
A0A071CC86_ECOLX,Bacteria,Proteobacteria,Gammaproteobacteria,Enterobacteriales,Enterobacteriaceae,Escherichia,coli,2-474-04_S3_C3.,,,,,,,,,,,,,,,,,
H0RTQ5_9BRAD,Bacteria,Proteobacteria,Alphaproteobacteria,Rhizobiales,Bradyrhizobiaceae,Bradyrhizobium,sp.,ORS,285.,,,,,,,,,,,,,,,,
A0A069NUV2_9BURK,Bacteria,Proteobacteria,Betaproteobacteria,Burkholderiales,Burkholderiaceae,Burkholderia,grimmiae.,,,,,,,,,,,,,,,,,,
M8T2A8_ECOLX,Bacteria,Proteobacteria,Gammaproteobacteria,Enterobacteriales,Enterobacteriaceae,Escherichia,coli,2871950.,,,,,,,,,,,,,,,,,
T6HP98_ECOLX,Bacteria,Proteobacteria,Gammaproteobacteria,Enterobacteriales,Enterobacteriaceae,Escherichia,coli,HVH,70,(4-2963531).,,,,,,,,,,,,,,,
I2RHK2_ECOLX,Bacteria,Proteobacteria,Gammaproteobacteria,Enterobacteriales,Enterobacteriaceae,Escherichia,coli,1.2741.,,,,,,,,,,,,,,,,,
S1ETP1_ECOLX,Bacteria,Proteobacteria,Gammaproteobacteria,Enterobacteriales,Enterobacteriaceae,Escherichia,coli,KTE73.,,,,,,,,,,,,,,,,,
W4NNI3_9BURK,Bacteria,Proteobacteria,Betaproteobacteria,Burkholderiales,Burkholderiaceae,Burkholderia,caribensis,MBA4.,,,,,,,,,,,,,,,,,
W4NLR9_9BURK,Bacteria,Proteobacteria,Betaproteobacteria,Burkholderiales,Burkholderiaceae,Burkholderia,caribensis,MBA4.,,,,,,,,,,,,,,,,,
A0A0A8BLX0_9BURK,Bacteria,Proteobacteria,Betaproteobacteria,Burkholderiales,Burkholderiaceae,Pandoraea,sputorum.,,,,,,,,,,,,,,,,,,
W4NLL8_9BURK,Bacteria,Proteobacteria,Betaproteobacteria,Burkholderiales,Burkholderiaceae,Burkholderia,caribensis,MBA4.,,,,,,,,,,,,,,,,,
A0A0A8BJS3_9BURK,Bacteria,Proteobacteria,Betaproteobacteria,Burkholderiales,Burkholderiaceae,Pandoraea,sputorum.,,,,,,,,,,,,,,,,,,
T6ME08_ECOLX,Bacteria,Proteobacteria,Gammaproteobacteria,Enterobacteriales,Enterobacteriaceae,Escherichia,coli,HVH,87,(4-5977630).,,,,,,,,,,,,,,,
H4ZZS3_ECOLX,Bacteria,Proteobacteria,Gammaproteobacteria,Enterobacteriales,Enterobacteriaceae,Escherichia,coli,DEC8C.,,,,,,,,,,,,,,,,,
H4IUV0_ECOLX,Bacteria,Proteobacteria,Gammaproteobacteria,Enterobacteriales,Enterobacteriaceae,Escherichia,coli,DEC1C.,,,,,,,,,,,,,,,,,
S1CU52_ECOLX,Bacteria,Proteobacteria,Gammaproteobacteria,Enterobacteriales,Enterobacteriaceae,Escherichia,coli,KTE64.,,,,,,,,,,,,,,,,,
F4VEI7_ECOLX,Bacteria,Proteobacteria,Gammaproteobacteria,Enterobacteriales,Enterobacteriaceae,Escherichia,coli,H591.,,,,,,,,,,,,,,,,,
D7XJQ5_ECOLX,Bacteria,Proteobacteria,Gammaproteobacteria,Enterobacteriales,Enterobacteriaceae,Escherichia,coli,MS,84-1.,,,,,,,,,,,,,,,,
I6D861_SHIBO,Bacteria,Proteobacteria,Gammaproteobacteria,Enterobacteriales,Enterobacteriaceae,Shigella,boydii,965-58.,,,,,,,,,,,,,,,,,
U9YZW0_ECOLX,Bacteria,Proteobacteria,Gammaproteobacteria,Enterobacteriales,Enterobacteriaceae,Escherichia,coli,907713.,,,,,,,,,,,,,,,,,
A0A097NDJ7_9BURK,Bacteria,Proteobacteria,Betaproteobacteria,Burkholderiales,Burkholderiaceae,Pandoraea,pnomenusa.,,,,,,,,,,,,,,,,,,
N3NLA9_ECOLX,Bacteria,Proteobacteria,Gammaproteobacteria,Enterobacteriales,Enterobacteriaceae,Escherichia,coli,P0301867.13.,,,,,,,,,,,,,,,,,
X2K049_9BURK,Bacteria,Proteobacteria,Betaproteobacteria,Burkholderiales,Burkholderiaceae,Pandoraea,pnomenusa.,,,,,,,,,,,,,,,,,,
I2WIM1_ECOLX,Bacteria,Proteobacteria,Gammaproteobacteria,Enterobacteriales,Enterobacteriaceae,Escherichia,coli,9.0111.,,,,,,,,,,,,,,,,,
A0A071DNN9_ECOLX,Bacteria,Proteobacteria,Gammaproteobacteria,Enterobacteriales,Enterobacteriaceae,Escherichia,coli,3-020-07_S3_C1.,,,,,,,,,,,,,,,,,
H1BZH6_ECOLX,Bacteria,Proteobacteria,Gammaproteobacteria,Enterobacteriales,Enterobacteriaceae,Escherichia,coli,4_1_47FAA.,,,,,,,,,,,,,,,,,
H5ILR5_ECOLX,Bacteria,Proteobacteria,Gammaproteobacteria,Enterobacteriales,Enterobacteriaceae,Escherichia,coli,DEC12A.,,,,,,,,,,,,,,,,,
K8PEC3_9BRAD,Bacteria,Proteobacteria,Alphaproteobacteria,Rhizobiales,Bradyrhizobiaceae,Afipia,broomeae,ATCC,49717.,,,,,,,,,,,,,,,,
T5P6L1_ECOLX,Bacteria,Proteobacteria,Gammaproteobacteria,Enterobacteriales,Enterobacteriaceae,Escherichia,coli,HVH,6,(3-8296502).,,,,,,,,,,,,,,,
A0A029PID3_ECOLX,Bacteria,Proteobacteria,Gammaproteobacteria,Enterobacteriales,Enterobacteriaceae,Escherichia,coli,2-011-08_S1_C2.,,,,,,,,,,,,,,,,,
A0A027YMH1_ECOLX,Bacteria,Proteobacteria,Gammaproteobacteria,Enterobacteriales,Enterobacteriaceae,Escherichia,coli,O157:NM,str.,08-4540.,,,,,,,,,,,,,,,
K9DCE9_9BURK,Bacteria,Proteobacteria,Betaproteobacteria,Burkholderiales,Oxalobacteraceae,Massilia,timonae,CCUG,45783.,,,,,,,,,,,,,,,,
L2E775_9BURK,Bacteria,Proteobacteria,Betaproteobacteria,Burkholderiales,Burkholderiaceae,Cupriavidus,sp.,HMR-1.,,,,,,,,,,,,,,,,,
K9D8F7_9BURK,Bacteria,Proteobacteria,Betaproteobacteria,Burkholderiales,Oxalobacteraceae,Massilia,timonae,CCUG,45783.,,,,,,,,,,,,,,,,
A0A070CSP2_ECOLX,Bacteria,Proteobacteria,Gammaproteobacteria,Enterobacteriales,Enterobacteriaceae,Escherichia,coli,O146:H21,str.,2010C-3325.,,,,,,,,,,,,,,,
I2IY77_9BURK,Bacteria,Proteobacteria,Betaproteobacteria,Burkholderiales,Burkholderiaceae,Burkholderia,sp.,Ch1-1.,,,,,,,,,,,,,,,,,
A0A079D0E5_ECOLX,Bacteria,Proteobacteria,Gammaproteobacteria,Enterobacteriales,Enterobacteriaceae,Escherichia,coli,2-316-03_S4_C2.,,,,,,,,,,,,,,,,,
F4TH50_ECOLX,Bacteria,Proteobacteria,Gammaproteobacteria,Enterobacteriales,Enterobacteriaceae,Escherichia,coli,M718.,,,,,,,,,,,,,,,,,
I2IRE2_9BURK,Bacteria,Proteobacteria,Betaproteobacteria,Burkholderiales,Burkholderiaceae,Burkholderia,sp.,Ch1-1.,,,,,,,,,,,,,,,,,
A0A038GWE8_9BURK,Bacteria,Proteobacteria,Betaproteobacteria,Burkholderiales,Burkholderiaceae,Burkholderia,jiangsuensis.,,,,,,,,,,,,,,,,,,
A0A038GXA8_9BURK,Bacteria,Proteobacteria,Betaproteobacteria,Burkholderiales,Burkholderiaceae,Burkholderia,jiangsuensis.,,,,,,,,,,,,,,,,,,
L3Q3W2_ECOLX,Bacteria,Proteobacteria,Gammaproteobacteria,Enterobacteriales,Enterobacteriaceae,Escherichia,coli,KTE75.,,,,,,,,,,,,,,,,,
H4JAU2_ECOLX,Bacteria,Proteobacteria,Gammaproteobacteria,Enterobacteriales,Enterobacteriaceae,Escherichia,coli,DEC1D.,,,,,,,,,,,,,,,,,
A0A069IKF9_9BURK,Bacteria,Proteobacteria,Betaproteobacteria,Burkholderiales,Burkholderiaceae,Cupriavidus,sp.,SK-3.,,,,,,,,,,,,,,,,,
E7IHI2_ECOLX,Bacteria,Proteobacteria,Gammaproteobacteria,Enterobacteriales,Enterobacteriaceae,Escherichia,coli,LT-68.,,,,,,,,,,,,,,,,,
G2AIP8_ECOLX,Bacteria,Proteobacteria,Gammaproteobacteria,Enterobacteriales,Enterobacteriaceae,Escherichia,coli,STEC_DG131-3.,,,,,,,,,,,,,,,,,
D7XF50_ECOLX,Bacteria,Proteobacteria,Gammaproteobacteria,Enterobacteriales,Enterobacteriaceae,Escherichia,coli,MS,198-1.,,,,,,,,,,,,,,,,
A0A029HU27_ECOLX,Bacteria,Proteobacteria,Gammaproteobacteria,Enterobacteriales,Enterobacteriaceae,Escherichia,coli,2-005-03_S4_C3.,,,,,,,,,,,,,,,,,
A9X6P7_ACEAC,Bacteria,Proteobacteria,Alphaproteobacteria,Rhodospirillales,Acetobacteraceae,Acetobacter,aceti.,,,,,,,,,,,,,,,,,,
S1G949_ECOLX,Bacteria,Proteobacteria,Gammaproteobacteria,Enterobacteriales,Enterobacteriaceae,Escherichia,coli,KTE98.,,,,,,,,,,,,,,,,,
F4SH19_ECOLX,Bacteria,Proteobacteria,Gammaproteobacteria,Enterobacteriales,Enterobacteriaceae,Escherichia,coli,H736.,,,,,,,,,,,,,,,,,
A0A080IWR8_ECOLX,Bacteria,Proteobacteria,Gammaproteobacteria,Enterobacteriales,Enterobacteriaceae,Escherichia,coli,1-250-04_S3_C2.,,,,,,,,,,,,,,,,,
D8A5Y3_ECOMS,Bacteria,Proteobacteria,Gammaproteobacteria,Enterobacteriales,Enterobacteriaceae,Escherichia,coli,(strain,MS,21-1).,,,,,,,,,,,,,,,
A8TPV6_9PROT,Bacteria,Proteobacteria,Alphaproteobacteria.,NA,NA,alpha,proteobacterium,BAL199.,,,,,,,,,,,,,,,,,
V0XH28_ECOLX,Bacteria,Proteobacteria,Gammaproteobacteria,Enterobacteriales,Enterobacteriaceae,Escherichia,coli,908541.,,,,,,,,,,,,,,,,,
A0A0B1FNB7_ECOLX,Bacteria,Proteobacteria,Gammaproteobacteria,Enterobacteriales,Enterobacteriaceae,Escherichia,coli.,,,,,,,,,,,,,,,,,,
A0A0B1N9J8_ECOLX,Bacteria,Proteobacteria,Gammaproteobacteria,Enterobacteriales,Enterobacteriaceae,Escherichia,coli.,,,,,,,,,,,,,,,,,,
M9L3Q0_ECOLX,Bacteria,Proteobacteria,Gammaproteobacteria,Enterobacteriales,Enterobacteriaceae,Escherichia,coli,2719100.,,,,,,,,,,,,,,,,,
K3RK35_ECOLX,Bacteria,Proteobacteria,Gammaproteobacteria,Enterobacteriales,Enterobacteriaceae,Escherichia,coli,EC1865.,,,,,,,,,,,,,,,,,
T9SMR4_ECOLX,Bacteria,Proteobacteria,Gammaproteobacteria,Enterobacteriales,Enterobacteriaceae,Escherichia,coli,UMEA,3718-1.,,,,,,,,,,,,,,,,
A0A0D7Q2F7_9BRAD,Bacteria,Proteobacteria,Alphaproteobacteria,Rhizobiales,Bradyrhizobiaceae,Bradyrhizobium,sp.,LTSPM299.,,,,,,,,,,,,,,,,,
D7ZGU3_ECOLX,Bacteria,Proteobacteria,Gammaproteobacteria,Enterobacteriales,Enterobacteriaceae,Escherichia,coli,MS,69-1.,,,,,,,,,,,,,,,,
D8B2T3_ECOLX,Bacteria,Proteobacteria,Gammaproteobacteria,Enterobacteriales,Enterobacteriaceae,Escherichia,coli,MS,175-1.,,,,,,,,,,,,,,,,
A0A070T701_ECOLX,Bacteria,Proteobacteria,Gammaproteobacteria,Enterobacteriales,Enterobacteriaceae,Escherichia,coli,2-156-04_S4_C2.,,,,,,,,,,,,,,,,,
W4MH97_9DELT,Bacteria,Proteobacteria,Deltaproteobacteria,Candidatus,Entotheonella.,Candidatus,Entotheonella,sp.,TSY2.,,,,,,,,,,,,,,,,
J3I3G8_9BRAD,Bacteria,Proteobacteria,Alphaproteobacteria,Rhizobiales,Bradyrhizobiaceae,Bradyrhizobium,sp.,YR681.,,,,,,,,,,,,,,,,,
L3C5E5_ECOLX,Bacteria,Proteobacteria,Gammaproteobacteria,Enterobacteriales,Enterobacteriaceae,Escherichia,coli,KTE193.,,,,,,,,,,,,,,,,,
H1KMW1_METEX,Bacteria,Proteobacteria,Alphaproteobacteria,Rhizobiales,Methylobacteriaceae,Methylobacterium,extorquens,DSM,13060.,,,,,,,,,,,,,,,,
H1KT86_METEX,Bacteria,Proteobacteria,Alphaproteobacteria,Rhizobiales,Methylobacteriaceae,Methylobacterium,extorquens,DSM,13060.,,,,,,,,,,,,,,,,
L4J5C7_ECOLX,Bacteria,Proteobacteria,Gammaproteobacteria,Enterobacteriales,Enterobacteriaceae,Escherichia,coli,KTE146.,,,,,,,,,,,,,,,,,
H0HQ59_9RHIZ,Bacteria,Proteobacteria,Alphaproteobacteria,Rhizobiales,Phyllobacteriaceae,Mesorhizobium,alhagi,CCNWXJ12-2.,,,,,,,,,,,,,,,,,
H5K1Q6_ECOLX,Bacteria,Proteobacteria,Gammaproteobacteria,Enterobacteriales,Enterobacteriaceae,Escherichia,coli,DEC12D.,,,,,,,,,,,,,,,,,
L3I3E1_ECOLX,Bacteria,Proteobacteria,Gammaproteobacteria,Enterobacteriales,Enterobacteriaceae,Escherichia,coli,KTE234.,,,,,,,,,,,,,,,,,
A0A022GG59_9BURK,Bacteria,Proteobacteria,Betaproteobacteria,Burkholderiales,Burkholderiaceae,Cupriavidus,sp.,SK-4.,,,,,,,,,,,,,,,,,
I4J3F2_ECOLX,Bacteria,Proteobacteria,Gammaproteobacteria,Enterobacteriales,Enterobacteriaceae,Escherichia,coli,M919.,,,,,,,,,,,,,,,,,
A0A022GFT3_9BURK,Bacteria,Proteobacteria,Betaproteobacteria,Burkholderiales,Burkholderiaceae,Cupriavidus,sp.,SK-4.,,,,,,,,,,,,,,,,,
A0A0D2UJB2_9PROT,Bacteria,Proteobacteria,Alphaproteobacteria,Rhodospirillales,Rhodospirillaceae,Skermanella,aerolata,KACC,11604.,,,,,,,,,,,,,,,,
D8AMK2_ECOLX,Bacteria,Proteobacteria,Gammaproteobacteria,Enterobacteriales,Enterobacteriaceae,Escherichia,coli,MS,116-1.,,,,,,,,,,,,,,,,
V6FWC6_ECOLX,Bacteria,Proteobacteria,Gammaproteobacteria,Enterobacteriales,Enterobacteriaceae,Escherichia,coli,99.0741.,,,,,,,,,,,,,,,,,
L3P776_ECOLX,Bacteria,Proteobacteria,Gammaproteobacteria,Enterobacteriales,Enterobacteriaceae,Escherichia,coli,KTE66.,,,,,,,,,,,,,,,,,
H4K585_ECOLX,Bacteria,Proteobacteria,Gammaproteobacteria,Enterobacteriales,Enterobacteriaceae,Escherichia,coli,DEC2A.,,,,,,,,,,,,,,,,,
D4C5P9_PRORE,Bacteria,Proteobacteria,Gammaproteobacteria,Enterobacteriales,Enterobacteriaceae,Providencia,rettgeri,DSM,1131.,,,,,,,,,,,,,,,,
F3KVX5_9BURK,Bacteria,Proteobacteria,Betaproteobacteria,Burkholderiales,Comamonadaceae,Hylemonella,gracilis,ATCC,19624.,,,,,,,,,,,,,,,,
D4C4C4_PRORE,Bacteria,Proteobacteria,Gammaproteobacteria,Enterobacteriales,Enterobacteriaceae,Providencia,rettgeri,DSM,1131.,,,,,,,,,,,,,,,,
D4C5Q2_PRORE,Bacteria,Proteobacteria,Gammaproteobacteria,Enterobacteriales,Enterobacteriaceae,Providencia,rettgeri,DSM,1131.,,,,,,,,,,,,,,,,
F3KVX6_9BURK,Bacteria,Proteobacteria,Betaproteobacteria,Burkholderiales,Comamonadaceae,Hylemonella,gracilis,ATCC,19624.,,,,,,,,,,,,,,,,
B5WLQ1_9BURK,Bacteria,Proteobacteria,Betaproteobacteria,Burkholderiales,Burkholderiaceae,Burkholderia,sp.,H160.,,,,,,,,,,,,,,,,,
F4NCX0_ECOLX,Bacteria,Proteobacteria,Gammaproteobacteria,Enterobacteriales,Enterobacteriaceae,Escherichia,coli,D9.,,,,,,,,,,,,,,,,,
A0A070V1N4_ECOLX,Bacteria,Proteobacteria,Gammaproteobacteria,Enterobacteriales,Enterobacteriaceae,Escherichia,coli,2-177-06_S3_C2.,,,,,,,,,,,,,,,,,
T9CXH1_ECOLX,Bacteria,Proteobacteria,Gammaproteobacteria,Enterobacteriales,Enterobacteriaceae,Escherichia,coli,UMEA,3212-1.,,,,,,,,,,,,,,,,
A0A062Y747_ECOLX,Bacteria,Proteobacteria,Gammaproteobacteria,Enterobacteriales,Enterobacteriaceae,Escherichia,coli,2-011-08_S1_C1.,,,,,,,,,,,,,,,,,
F4T1H2_ECOLX,Bacteria,Proteobacteria,Gammaproteobacteria,Enterobacteriales,Enterobacteriaceae,Escherichia,coli,M605.,,,,,,,,,,,,,,,,,
M2PFD6_ECOLX,Bacteria,Proteobacteria,Gammaproteobacteria,Enterobacteriales,Enterobacteriaceae,Escherichia,coli,SEPT362.,,,,,,,,,,,,,,,,,
S0W6L2_ECOLX,Bacteria,Proteobacteria,Gammaproteobacteria,Enterobacteriales,Enterobacteriaceae,Escherichia,coli,KTE24.,,,,,,,,,,,,,,,,,
A0A0A0HSD0_9RHOB,Bacteria,Proteobacteria,Alphaproteobacteria,Rhodobacterales,Rhodobacteraceae,Roseovarius,mucosus,DSM,17069.,,,,,,,,,,,,,,,,
R7XMP5_9RALS,Bacteria,Proteobacteria,Betaproteobacteria,Burkholderiales,Burkholderiaceae,Ralstonia,sp.,GA3-3.,,,,,,,,,,,,,,,,,
A0A090N7D6_AFIFE,Bacteria,Proteobacteria,Alphaproteobacteria,Rhizobiales,Bradyrhizobiaceae,Afipia,felis,(Cat,scratch,disease,bacillus).,,,,,,,,,,,,,,
R7XMV3_9RALS,Bacteria,Proteobacteria,Betaproteobacteria,Burkholderiales,Burkholderiaceae,Ralstonia,sp.,GA3-3.,,,,,,,,,,,,,,,,,
E3XQG1_ECOLX,Bacteria,Proteobacteria,Gammaproteobacteria,Enterobacteriales,Enterobacteriaceae,Escherichia,coli,2362-75.,,,,,,,,,,,,,,,,,
M8QQ10_ECOLX,Bacteria,Proteobacteria,Gammaproteobacteria,Enterobacteriales,Enterobacteriaceae,Escherichia,coli,C-34666.,,,,,,,,,,,,,,,,,
A0A073VRY7_ECOLX,Bacteria,Proteobacteria,Gammaproteobacteria,Enterobacteriales,Enterobacteriaceae,Escherichia,coli,5-366-08_S3_C2.,,,,,,,,,,,,,,,,,
H5FZP2_ECOLX,Bacteria,Proteobacteria,Gammaproteobacteria,Enterobacteriales,Enterobacteriaceae,Escherichia,coli,DEC10F.,,,,,,,,,,,,,,,,,
S0VFR7_ECOLX,Bacteria,Proteobacteria,Gammaproteobacteria,Enterobacteriales,Enterobacteriaceae,Escherichia,coli,KTE20.,,,,,,,,,,,,,,,,,
I5CFG2_9BURK,Bacteria,Proteobacteria,Betaproteobacteria,Burkholderiales,Burkholderiaceae,Burkholderia,terrae,BS001.,,,,,,,,,,,,,,,,,
I5CRS9_9BURK,Bacteria,Proteobacteria,Betaproteobacteria,Burkholderiales,Burkholderiaceae,Burkholderia,terrae,BS001.,,,,,,,,,,,,,,,,,
I5CRT2_9BURK,Bacteria,Proteobacteria,Betaproteobacteria,Burkholderiales,Burkholderiaceae,Burkholderia,terrae,BS001.,,,,,,,,,,,,,,,,,
N2KDY7_ECOLX,Bacteria,Proteobacteria,Gammaproteobacteria,Enterobacteriales,Enterobacteriaceae,Escherichia,coli,P0301867.2.,,,,,,,,,,,,,,,,,
A0A029M9L9_ECOLX,Bacteria,Proteobacteria,Gammaproteobacteria,Enterobacteriales,Enterobacteriaceae,Escherichia,coli,1-182-04_S3_C1.,,,,,,,,,,,,,,,,,
A0A026RL23_ECOLX,Bacteria,Proteobacteria,Gammaproteobacteria,Enterobacteriales,Enterobacteriaceae,Escherichia,coli,O119:H4,str.,03-3458.,,,,,,,,,,,,,,,
H4IDU0_ECOLX,Bacteria,Proteobacteria,Gammaproteobacteria,Enterobacteriales,Enterobacteriaceae,Escherichia,coli,DEC1B.,,,,,,,,,,,,,,,,,
I2UTC2_ECOLX,Bacteria,Proteobacteria,Gammaproteobacteria,Enterobacteriales,Enterobacteriaceae,Escherichia,coli,4.0522.,,,,,,,,,,,,,,,,,
A0A0C5JY73_9BURK,Bacteria,Proteobacteria,Betaproteobacteria,Burkholderiales,Burkholderiaceae,Pandoraea,vervacti.,,,,,,,,,,,,,,,,,,
A0A0C5JYW1_9BURK,Bacteria,Proteobacteria,Betaproteobacteria,Burkholderiales,Burkholderiaceae,Pandoraea,vervacti.,,,,,,,,,,,,,,,,,,
F3V7Z8_SHIDY,Bacteria,Proteobacteria,Gammaproteobacteria,Enterobacteriales,Enterobacteriaceae,Shigella,dysenteriae,155-74.,,,,,,,,,,,,,,,,,
E9XKN1_ECOLX,Bacteria,Proteobacteria,Gammaproteobacteria,Enterobacteriales,Enterobacteriaceae,Escherichia,coli,TW10509.,,,,,,,,,,,,,,,,,
U6ZNX7_9ENTR,Bacteria,Proteobacteria,Gammaproteobacteria,Enterobacteriales,Enterobacteriaceae,Dickeya,solani,D,s0432-1.,,,,,,,,,,,,,,,,
U6ZIR2_9ENTR,Bacteria,Proteobacteria,Gammaproteobacteria,Enterobacteriales,Enterobacteriaceae,Dickeya,solani,D,s0432-1.,,,,,,,,,,,,,,,,
A0A017JY06_ECOLX,Bacteria,Proteobacteria,Gammaproteobacteria,Enterobacteriales,Enterobacteriaceae,Escherichia,coli,1-110-08_S4_C1.,,,,,,,,,,,,,,,,,
K3KPI4_ECOLX,Bacteria,Proteobacteria,Gammaproteobacteria,Enterobacteriales,Enterobacteriaceae,Escherichia,coli,N1.,,,,,,,,,,,,,,,,,
G0FEW3_ECOLX,Bacteria,Proteobacteria,Gammaproteobacteria,Enterobacteriales,Enterobacteriaceae,Escherichia,coli,UMNF18.,,,,,,,,,,,,,,,,,
E6BA42_ECOLX,Bacteria,Proteobacteria,Gammaproteobacteria,Enterobacteriales,Enterobacteriaceae,Escherichia,coli,3431.,,,,,,,,,,,,,,,,,
A0A0D0LTH5_VARPD,Bacteria,Proteobacteria,Betaproteobacteria,Burkholderiales,Comamonadaceae,Variovorax,paradoxus.,,,,,,,,,,,,,,,,,,
A0A0D0LPG5_VARPD,Bacteria,Proteobacteria,Betaproteobacteria,Burkholderiales,Comamonadaceae,Variovorax,paradoxus.,,,,,,,,,,,,,,,,,,
M9E9X6_ECOLX,Bacteria,Proteobacteria,Gammaproteobacteria,Enterobacteriales,Enterobacteriaceae,Escherichia,coli,174750.,,,,,,,,,,,,,,,,,
A0A080F8G6_ECOLX,Bacteria,Proteobacteria,Gammaproteobacteria,Enterobacteriales,Enterobacteriaceae,Escherichia,coli,6-537-08_S1_C3.,,,,,,,,,,,,,,,,,
T6AI91_ECOLX,Bacteria,Proteobacteria,Gammaproteobacteria,Enterobacteriales,Enterobacteriaceae,Escherichia,coli,HVH,41,(4-2677849).,,,,,,,,,,,,,,,
D6JDA2_ECOLX,Bacteria,Proteobacteria,Gammaproteobacteria,Enterobacteriales,Enterobacteriaceae,Escherichia,coli,B354.,,,,,,,,,,,,,,,,,
K8NM79_AFIFE,Bacteria,Proteobacteria,Alphaproteobacteria,Rhizobiales,Bradyrhizobiaceae,Afipia,felis,ATCC,53690.,,,,,,,,,,,,,,,,
R7X0E5_9BURK,Bacteria,Proteobacteria,Betaproteobacteria,Burkholderiales,Burkholderiaceae,Pandoraea,sp.,SD6-2.,,,,,,,,,,,,,,,,,
R7X0I4_9BURK,Bacteria,Proteobacteria,Betaproteobacteria,Burkholderiales,Burkholderiaceae,Pandoraea,sp.,SD6-2.,,,,,,,,,,,,,,,,,
J7R6V9_ECOLX,Bacteria,Proteobacteria,Gammaproteobacteria,Enterobacteriales,Enterobacteriaceae,Escherichia,coli.,,,,,,,,,,,,,,,,,,
E0IXP8_ECOLW,Bacteria,Proteobacteria,Gammaproteobacteria,Enterobacteriales,Enterobacteriaceae,Escherichia,coli,(strain,ATCC,9637,/,CCM,2024,/,DSM,1116,/,NCIMB,8666,/,NRRL,B-766,/,W).,
A0A066SZU7_ECOLX,Bacteria,Proteobacteria,Gammaproteobacteria,Enterobacteriales,Enterobacteriaceae,Escherichia,coli.,,,,,,,,,,,,,,,,,,
B2JM63_BURP8,Bacteria,Proteobacteria,Betaproteobacteria,Burkholderiales,Burkholderiaceae,Burkholderia,phymatum,(strain,DSM,17167,/,STM815).,,,,,,,,,,,,,
G7DRV1_BRAJP,Bacteria,Proteobacteria,Alphaproteobacteria,Rhizobiales,Bradyrhizobiaceae,Bradyrhizobium,japonicum,USDA,6.,,,,,,,,,,,,,,,,
F5XWA7_RAMTT,Bacteria,Proteobacteria,Betaproteobacteria,Burkholderiales,Comamonadaceae,Ramlibacter,tataouinensis,(strain,ATCC,BAA-407,/,DSM,14655,/,LMG,21543,/,TTB310).,,,,,,,
A0A0D6K4J1_ECOLI,Bacteria,Proteobacteria,Gammaproteobacteria,Enterobacteriales,Enterobacteriaceae,Escherichia,coli,(strain,K12).,,,,,,,,,,,,,,,,
A0A0E2UCW1_ECOLX,Bacteria,Proteobacteria,Gammaproteobacteria,Enterobacteriales,Enterobacteriaceae,Escherichia,coli,O45:H2,str.,2009C-3686.,,,,,,,,,,,,,,,
H5Y802_9BRAD,Bacteria,Proteobacteria,Alphaproteobacteria,Rhizobiales,Bradyrhizobiaceae,Bradyrhizobium,sp.,WSM471.,,,,,,,,,,,,,,,,,
R6UN46_9ESCH,Bacteria,Proteobacteria,Gammaproteobacteria,Enterobacteriales,Enterobacteriaceae,Escherichia,coli,CAG:4.,,,,,,,,,,,,,,,,,
A0A027TZX0_ECOLX,Bacteria,Proteobacteria,Gammaproteobacteria,Enterobacteriales,Enterobacteriaceae,Escherichia,coli,O111:NM,str.,K6722.,,,,,,,,,,,,,,,
C5AX55_METEA,Bacteria,Proteobacteria,Alphaproteobacteria,Rhizobiales,Methylobacteriaceae,Methylobacterium,extorquens,(strain,ATCC,14718,/,DSM,1338,/,AM1).,,,,,,,,,,
C5AX44_METEA,Bacteria,Proteobacteria,Alphaproteobacteria,Rhizobiales,Methylobacteriaceae,Methylobacterium,extorquens,(strain,ATCC,14718,/,DSM,1338,/,AM1).,,,,,,,,,,
E6V5A0_VARPE,Bacteria,Proteobacteria,Betaproteobacteria,Burkholderiales,Comamonadaceae,Variovorax,paradoxus,(strain,EPS).,,,,,,,,,,,,,,,,
E6V5A2_VARPE,Bacteria,Proteobacteria,Betaproteobacteria,Burkholderiales,Comamonadaceae,Variovorax,paradoxus,(strain,EPS).,,,,,,,,,,,,,,,,
A9W203_METEP,Bacteria,Proteobacteria,Alphaproteobacteria,Rhizobiales,Methylobacteriaceae,Methylobacterium,extorquens,(strain,PA1).,,,,,,,,,,,,,,,,
A9W213_METEP,Bacteria,Proteobacteria,Alphaproteobacteria,Rhizobiales,Methylobacteriaceae,Methylobacterium,extorquens,(strain,PA1).,,,,,,,,,,,,,,,,
B2JM66_BURP8,Bacteria,Proteobacteria,Betaproteobacteria,Burkholderiales,Burkholderiaceae,Burkholderia,phymatum,(strain,DSM,17167,/,STM815).,,,,,,,,,,,,,
F8GQ85_CUPNN,Bacteria,Proteobacteria,Betaproteobacteria,Burkholderiales,Burkholderiaceae,Cupriavidus,necator,(strain,ATCC,43291,/,DSM,13513,/,N-1),(Ralstonia,eutropha).,,,,,,,,
Q13QC0_BURXL,Bacteria,Proteobacteria,Betaproteobacteria,Burkholderiales,Burkholderiaceae,Burkholderia,xenovorans,(strain,LB400).,,,,,,,,,,,,,,,,
Q13RQ4_BURXL,Bacteria,Proteobacteria,Betaproteobacteria,Burkholderiales,Burkholderiaceae,Burkholderia,xenovorans,(strain,LB400).,,,,,,,,,,,,,,,,
F8GQ91_CUPNN,Bacteria,Proteobacteria,Betaproteobacteria,Burkholderiales,Burkholderiaceae,Cupriavidus,necator,(strain,ATCC,43291,/,DSM,13513,/,N-1),(Ralstonia,eutropha).,,,,,,,,
E8YBD7_ECOKO,Bacteria,Proteobacteria,Gammaproteobacteria,Enterobacteriales,Enterobacteriaceae,Escherichia,coli,(strain,ATCC,55124,/,KO11).,,,,,,,,,,,,,
I6DXN5_SHIBO,Bacteria,Proteobacteria,Gammaproteobacteria,Enterobacteriales,Enterobacteriaceae,Shigella,boydii,4444-74.,,,,,,,,,,,,,,,,,
A0A0E0U168_ECOLX,Bacteria,Proteobacteria,Gammaproteobacteria,Enterobacteriales,Enterobacteriaceae,Escherichia,coli,UMNK88.,,,,,,,,,,,,,,,,,
A0A0E1SU03_ECOLX,Bacteria,Proteobacteria,Gammaproteobacteria,Enterobacteriales,Enterobacteriaceae,Escherichia,coli,53638.,,,,,,,,,,,,,,,,,
Q129S5_POLSJ,Bacteria,Proteobacteria,Betaproteobacteria,Burkholderiales,Comamonadaceae,Polaromonas,sp.,(strain,JS666,/,ATCC,BAA-500).,,,,,,,,,,,,,
D3QLW9_ECOCB,Bacteria,Proteobacteria,Gammaproteobacteria,Enterobacteriales,Enterobacteriaceae,Escherichia,coli,O55:H7,(strain,CB9615,/,EPEC).,,,,,,,,,,,,,
Q129S3_POLSJ,Bacteria,Proteobacteria,Betaproteobacteria,Burkholderiales,Comamonadaceae,Polaromonas,sp.,(strain,JS666,/,ATCC,BAA-500).,,,,,,,,,,,,,
A0A085GUA8_HAFAL,Bacteria,Proteobacteria,Gammaproteobacteria,Enterobacteriales,Enterobacteriaceae,Hafnia,alvei,ATCC,13337.,,,,,,,,,,,,,,,,
A0A0E2TVF2_ECOLX,Bacteria,Proteobacteria,Gammaproteobacteria,Enterobacteriales,Enterobacteriaceae,Escherichia,coli,O121:H19,str.,2010C-3609.,,,,,,,,,,,,,,,
D3H235_ECO44,Bacteria,Proteobacteria,Gammaproteobacteria,Enterobacteriales,Enterobacteriaceae,Escherichia,coli,O44:H18,(strain,42,/,EAEC).,,,,,,,,,,,,,
A0A023Z0D7_ECOLX,Bacteria,Proteobacteria,Gammaproteobacteria,Enterobacteriales,Enterobacteriaceae,Escherichia,coli,O145:H28,str.,RM12581.,,,,,,,,,,,,,,,
B2PV52_PROST,Bacteria,Proteobacteria,Gammaproteobacteria,Enterobacteriales,Enterobacteriaceae,Providencia,stuartii,ATCC,25827.,,,,,,,,,,,,,,,,
B2PV55_PROST,Bacteria,Proteobacteria,Gammaproteobacteria,Enterobacteriales,Enterobacteriaceae,Providencia,stuartii,ATCC,25827.,,,,,,,,,,,,,,,,
T1XFN4_VARPD,Bacteria,Proteobacteria,Betaproteobacteria,Burkholderiales,Comamonadaceae,Variovorax,paradoxus,B4.,,,,,,,,,,,,,,,,,
T1XHW6_VARPD,Bacteria,Proteobacteria,Betaproteobacteria,Burkholderiales,Comamonadaceae,Variovorax,paradoxus,B4.,,,,,,,,,,,,,,,,,
Q46S66_CUPPJ,Bacteria,Proteobacteria,Betaproteobacteria,Burkholderiales,Burkholderiaceae,Cupriavidus,pinatubonensis,(strain,JMP,134,/,LMG,1197),(Ralstonia,eutropha,(strain,JMP,134)).,,,,,,,
Q46S72_CUPPJ,Bacteria,Proteobacteria,Betaproteobacteria,Burkholderiales,Burkholderiaceae,Cupriavidus,pinatubonensis,(strain,JMP,134,/,LMG,1197),(Ralstonia,eutropha,(strain,JMP,134)).,,,,,,,
D2AG64_SHIF2,Bacteria,Proteobacteria,Gammaproteobacteria,Enterobacteriales,Enterobacteriaceae,Shigella,flexneri,serotype,X,(strain,2002017).,,,,,,,,,,,,,,
M4Z6Q0_9BRAD,Bacteria,Proteobacteria,Alphaproteobacteria,Rhizobiales,Bradyrhizobiaceae,Bradyrhizobium,oligotrophicum,S58.,,,,,,,,,,,,,,,,,
U4E016_9VIBR,Bacteria,Proteobacteria,Gammaproteobacteria,Vibrionales,Vibrionaceae,Vibrio,nigripulchritudo,FTn2.,,,,,,,,,,,,,,,,,
K8WLE6_9ENTR,Bacteria,Proteobacteria,Gammaproteobacteria,Enterobacteriales,Enterobacteriaceae,Providencia,sneebia,DSM,19967.,,,,,,,,,,,,,,,,
K8WVF2_9ENTR,Bacteria,Proteobacteria,Gammaproteobacteria,Enterobacteriales,Enterobacteriaceae,Providencia,sneebia,DSM,19967.,,,,,,,,,,,,,,,,
K0X0I2_SHIFL,Bacteria,Proteobacteria,Gammaproteobacteria,Enterobacteriales,Enterobacteriaceae,Shigella,flexneri,1485-80.,,,,,,,,,,,,,,,,,
A0A0A1FG30_9BURK,Bacteria,Proteobacteria,Betaproteobacteria,Burkholderiales,Oxalobacteraceae,Collimonas,arenae.,,,,,,,,,,,,,,,,,,
A0A0A1FDT1_9BURK,Bacteria,Proteobacteria,Betaproteobacteria,Burkholderiales,Oxalobacteraceae,Collimonas,arenae.,,,,,,,,,,,,,,,,,,
I0GB99_9BRAD,Bacteria,Proteobacteria,Alphaproteobacteria,Rhizobiales,Bradyrhizobiaceae,Bradyrhizobium,sp.,S23321.,,,,,,,,,,,,,,,,,
K8WGL1_PRORE,Bacteria,Proteobacteria,Gammaproteobacteria,Enterobacteriales,Enterobacteriaceae,Providencia,rettgeri,Dmel1.,,,,,,,,,,,,,,,,,
K8WID1_PRORE,Bacteria,Proteobacteria,Gammaproteobacteria,Enterobacteriales,Enterobacteriaceae,Providencia,rettgeri,Dmel1.,,,,,,,,,,,,,,,,,
A0A0D6JC73_9RHIZ,Bacteria,Proteobacteria,Alphaproteobacteria,Rhizobiales,Hyphomicrobiaceae,Filomicrobium,sp.,Y.,,,,,,,,,,,,,,,,,
A0A028AT38_ECOLX,Bacteria,Proteobacteria,Gammaproteobacteria,Enterobacteriales,Enterobacteriaceae,Escherichia,coli,O69:H11,str.,08-4661.,,,,,,,,,,,,,,,
E7TDE7_SHIFL,Bacteria,Proteobacteria,Gammaproteobacteria,Enterobacteriales,Enterobacteriaceae,Shigella,flexneri,CDC,796-83.,,,,,,,,,,,,,,,,
A0A090NLK2_SHIDY,Bacteria,Proteobacteria,Gammaproteobacteria,Enterobacteriales,Enterobacteriaceae,Shigella,dysenteriae,WRSd3.,,,,,,,,,,,,,,,,,
S6D9Z1_ACEPA,Bacteria,Proteobacteria,Alphaproteobacteria,Rhodospirillales,Acetobacteraceae,Acetobacter,pasteurianus,386B.,,,,,,,,,,,,,,,,,
B7KR43_METC4,Bacteria,Proteobacteria,Alphaproteobacteria,Rhizobiales,Methylobacteriaceae,Methylobacterium,extorquens,(strain,CM4,/,NCIMB,13688)(Methylobacterium,chloromethanicum).,,,,,,,,,,,,
B7KR54_METC4,Bacteria,Proteobacteria,Alphaproteobacteria,Rhizobiales,Methylobacteriaceae,Methylobacterium,extorquens,(strain,CM4,/,NCIMB,13688)(Methylobacterium,chloromethanicum).,,,,,,,,,,,,
A0A0D5VMF0_9BURK,Bacteria,Proteobacteria,Betaproteobacteria,Burkholderiales,Burkholderiaceae,Burkholderia,fungorum.,,,,,,,,,,,,,,,,,,
A0A0D5VKN6_9BURK,Bacteria,Proteobacteria,Betaproteobacteria,Burkholderiales,Burkholderiaceae,Burkholderia,fungorum.,,,,,,,,,,,,,,,,,,
A0A060QHZ1_9PROT,Bacteria,Proteobacteria,Alphaproteobacteria,Rhodospirillales,Acetobacteraceae,Asaia,platycodi,SF2.1.,,,,,,,,,,,,,,,,,
C5CK44_VARPS,Bacteria,Proteobacteria,Betaproteobacteria,Burkholderiales,Comamonadaceae,Variovorax,paradoxus,(strain,S110).,,,,,,,,,,,,,,,,
A6SUZ4_JANMA,Bacteria,Proteobacteria,Betaproteobacteria,Burkholderiales,Oxalobacteraceae,Janthinobacterium,sp.,(strain,Marseille),(Minibacterium,massiliensis).,,,,,,,,,,,,,,
A6SUZ3_JANMA,Bacteria,Proteobacteria,Betaproteobacteria,Burkholderiales,Oxalobacteraceae,Janthinobacterium,sp.,(strain,Marseille),(Minibacterium,massiliensis).,,,,,,,,,,,,,,
A6T0J2_JANMA,Bacteria,Proteobacteria,Betaproteobacteria,Burkholderiales,Oxalobacteraceae,Janthinobacterium,sp.,(strain,Marseille),(Minibacterium,massiliensis).,,,,,,,,,,,,,,
A4SWJ4_POLSQ,Bacteria,Proteobacteria,Betaproteobacteria,Burkholderiales,Burkholderiaceae,Polynucleobacter,necessarius,subsp.,asymbioticus,(strain,DSM,18221,/,CIP,109841,/,QLW-P1DMWA-1).,,,,,,,,
A4SWJ2_POLSQ,Bacteria,Proteobacteria,Betaproteobacteria,Burkholderiales,Burkholderiaceae,Polynucleobacter,necessarius,subsp.,asymbioticus,(strain,DSM,18221,/,CIP,109841,/,QLW-P1DMWA-1).,,,,,,,,
C5CK46_VARPS,Bacteria,Proteobacteria,Betaproteobacteria,Burkholderiales,Comamonadaceae,Variovorax,paradoxus,(strain,S110).,,,,,,,,,,,,,,,,
A6T0J0_JANMA,Bacteria,Proteobacteria,Betaproteobacteria,Burkholderiales,Oxalobacteraceae,Janthinobacterium,sp.,(strain,Marseille),(Minibacterium,massiliensis).,,,,,,,,,,,,,,
A0A023XHK1_BRAJP,Bacteria,Proteobacteria,Alphaproteobacteria,Rhizobiales,Bradyrhizobiaceae,Bradyrhizobium,japonicum,SEMIA,5079.,,,,,,,,,,,,,,,,
A0A0B5FEQ5_9BURK,Bacteria,Proteobacteria,Betaproteobacteria,Burkholderiales,Burkholderiaceae,Pandoraea,apista.,,,,,,,,,,,,,,,,,,
A0A0B5FHP1_9BURK,Bacteria,Proteobacteria,Betaproteobacteria,Burkholderiales,Burkholderiaceae,Pandoraea,apista.,,,,,,,,,,,,,,,,,,
C6C979_DICDC,Bacteria,Proteobacteria,Gammaproteobacteria,Enterobacteriales,Enterobacteriaceae,Dickeya,dadantii,(strain,Ech703).,,,,,,,,,,,,,,,,
A0A0A6ZWK8_SHIDY,Bacteria,Proteobacteria,Gammaproteobacteria,Enterobacteriales,Enterobacteriaceae,Shigella,dysenteriae,1617.,,,,,,,,,,,,,,,,,
C6C977_DICDC,Bacteria,Proteobacteria,Gammaproteobacteria,Enterobacteriales,Enterobacteriaceae,Dickeya,dadantii,(strain,Ech703).,,,,,,,,,,,,,,,,
G8B099_AZOBR,Bacteria,Proteobacteria,Alphaproteobacteria,Rhodospirillales,Rhodospirillaceae,Azospirillum,brasilense,Sp245.,,,,,,,,,,,,,,,,,
F7QRF4_9BRAD,Bacteria,Proteobacteria,Alphaproteobacteria,Rhizobiales,Bradyrhizobiaceae.,Bradyrhizobiaceae,bacterium,SG-6C.,,,,,,,,,,,,,,,,,
A0A0B6S0I9_BURGL,Bacteria,Proteobacteria,Betaproteobacteria,Burkholderiales,Burkholderiaceae,Burkholderia,glumae,PG1.,,,,,,,,,,,,,,,,,
C8TV84_ECO26,Bacteria,Proteobacteria,Gammaproteobacteria,Enterobacteriales,Enterobacteriaceae,Escherichia,coli,O26:H11,(strain,11368,/,EHEC).,,,,,,,,,,,,,
F5NYE2_SHIFL,Bacteria,Proteobacteria,Gammaproteobacteria,Enterobacteriales,Enterobacteriaceae,Shigella,flexneri,K-227.,,,,,,,,,,,,,,,,,
D3NXU3_AZOS1,Bacteria,Proteobacteria,Alphaproteobacteria,Rhodospirillales,Rhodospirillaceae,Azospirillum,sp.,(strain,B510).,,,,,,,,,,,,,,,,
A0A060P5U0_9BURK,Bacteria,Proteobacteria,Betaproteobacteria,Burkholderiales,Burkholderiaceae,Burkholderia,sp.,RPE67.,,,,,,,,,,,,,,,,,
D3NZQ5_AZOS1,Bacteria,Proteobacteria,Alphaproteobacteria,Rhodospirillales,Rhodospirillaceae,Azospirillum,sp.,(strain,B510).,,,,,,,,,,,,,,,,
A0A060P3Y3_9BURK,Bacteria,Proteobacteria,Betaproteobacteria,Burkholderiales,Burkholderiaceae,Burkholderia,sp.,RPE67.,,,,,,,,,,,,,,,,,
A0A0D7PDT0_9BRAD,Bacteria,Proteobacteria,Alphaproteobacteria,Rhizobiales,Bradyrhizobiaceae,Bradyrhizobium,sp.,LTSP849.,,,,,,,,,,,,,,,,,
G7Z846_AZOL4,Bacteria,Proteobacteria,Alphaproteobacteria,Rhodospirillales,Rhodospirillaceae,Azospirillum,lipoferum,(strain,4B).,,,,,,,,,,,,,,,,
G7ZBD1_AZOL4,Bacteria,Proteobacteria,Alphaproteobacteria,Rhodospirillales,Rhodospirillaceae,Azospirillum,lipoferum,(strain,4B).,,,,,,,,,,,,,,,,
Q0K0H2_CUPNH,Bacteria,Proteobacteria,Betaproteobacteria,Burkholderiales,Burkholderiaceae,Cupriavidus,necator,(strain,ATCC,17699,/,H16,/,DSM,428,/,Stanier,337),(Ralstonia,eutropha).,,,,,
Q0K0H8_CUPNH,Bacteria,Proteobacteria,Betaproteobacteria,Burkholderiales,Burkholderiaceae,Cupriavidus,necator,(strain,ATCC,17699,/,H16,/,DSM,428,/,Stanier,337),(Ralstonia,eutropha).,,,,,
E8YSP3_9BURK,Bacteria,Proteobacteria,Betaproteobacteria,Burkholderiales,Burkholderiaceae,Burkholderia,sp.,CCGE1001.,,,,,,,,,,,,,,,,,
A0A089NU55_9RHIZ,Bacteria,Proteobacteria,Alphaproteobacteria,Rhizobiales,Methylobacteriaceae,Methylobacterium,oryzae,CBMB20.,,,,,,,,,,,,,,,,,
A0A089QH55_9RHIZ,Bacteria,Proteobacteria,Alphaproteobacteria,Rhizobiales,Methylobacteriaceae,Methylobacterium,oryzae,CBMB20.,,,,,,,,,,,,,,,,,
A0A028EDB1_ECOLX,Bacteria,Proteobacteria,Gammaproteobacteria,Enterobacteriales,Enterobacteriaceae,Escherichia,coli,O118:H16,str.,2009C-4446.,,,,,,,,,,,,,,,
R4X3R1_9BURK,Bacteria,Proteobacteria,Betaproteobacteria,Burkholderiales,Burkholderiaceae,Burkholderia,sp.,RPE64.,,,,,,,,,,,,,,,,,
B1M0K5_METRJ,Bacteria,Proteobacteria,Alphaproteobacteria,Rhizobiales,Methylobacteriaceae,Methylobacterium,radiotolerans,(strain,ATCC,27329,/,DSM,1819,/,JCM,2831).,,,,,,,,,
R4X1C8_9BURK,Bacteria,Proteobacteria,Betaproteobacteria,Burkholderiales,Burkholderiaceae,Burkholderia,sp.,RPE64.,,,,,,,,,,,,,,,,,
B1M357_METRJ,Bacteria,Proteobacteria,Alphaproteobacteria,Rhizobiales,Methylobacteriaceae,Methylobacterium,radiotolerans,(strain,ATCC,27329,/,DSM,1819,/,JCM,2831).,,,,,,,,,
C7CIH3_METED,Bacteria,Proteobacteria,Alphaproteobacteria,Rhizobiales,Methylobacteriaceae,Methylobacterium,extorquens,(strain,DSM,5838,/,DM4),(Methylobacterium,dichloromethanicum,(strain,DM4)).,,,,,,,,,
C7CIG0_METED,Bacteria,Proteobacteria,Alphaproteobacteria,Rhizobiales,Methylobacteriaceae,Methylobacterium,extorquens,(strain,DSM,5838,/,DM4),(Methylobacterium,dichloromethanicum,(strain,DM4)).,,,,,,,,,
A4G242_HERAR,Bacteria,Proteobacteria,Betaproteobacteria,Burkholderiales,Oxalobacteraceae,Herminiimonas,arsenicoxydans.,,,,,,,,,,,,,,,,,,
A4G241_HERAR,Bacteria,Proteobacteria,Betaproteobacteria,Burkholderiales,Oxalobacteraceae,Herminiimonas,arsenicoxydans.,,,,,,,,,,,,,,,,,,
B3RB35_CUPTR,Bacteria,Proteobacteria,Betaproteobacteria,Burkholderiales,Burkholderiaceae,Cupriavidus,taiwanensis,(strain,R1,/,LMG,19424),(Ralstonia,taiwanensis,(strain,LMG,19424)).,,,,,,,,
B3RB29_CUPTR,Bacteria,Proteobacteria,Betaproteobacteria,Burkholderiales,Burkholderiaceae,Cupriavidus,taiwanensis,(strain,R1,/,LMG,19424),(Ralstonia,taiwanensis,(strain,LMG,19424)).,,,,,,,,
C7JBA8_ACEP3,Bacteria,Proteobacteria,Alphaproteobacteria,Rhodospirillales,Acetobacteraceae,Acetobacter,pasteurianus,(strain,NBRC,3283,/,LMG,1513,/,CCTM,1153).,,,,,,,,,
J2FH15_SHISO,Bacteria,Proteobacteria,Gammaproteobacteria,Enterobacteriales,Enterobacteriaceae,Shigella,sonnei,str.,Moseley.,,,,,,,,,,,,,,,,
E6VDT2_RHOPX,Bacteria,Proteobacteria,Alphaproteobacteria,Rhizobiales,Bradyrhizobiaceae,Rhodopseudomonas,palustris,(strain,DX-1).,,,,,,,,,,,,,,,,
A8IFN8_AZOC5,Bacteria,Proteobacteria,Alphaproteobacteria,Rhizobiales,Xanthobacteraceae,Azorhizobium,caulinodans,(strain,ATCC,43989,/,DSM,5975,/,JCM,20966,/,NBRC,14845,/,NCIMB,13405,/,ORS,571).
A8IM21_AZOC5,Bacteria,Proteobacteria,Alphaproteobacteria,Rhizobiales,Xanthobacteraceae,Azorhizobium,caulinodans,(strain,ATCC,43989,/,DSM,5975,/,JCM,20966,/,NBRC,14845,/,NCIMB,13405,/,ORS,571).
A8IM23_AZOC5,Bacteria,Proteobacteria,Alphaproteobacteria,Rhizobiales,Xanthobacteraceae,Azorhizobium,caulinodans,(strain,ATCC,43989,/,DSM,5975,/,JCM,20966,/,NBRC,14845,/,NCIMB,13405,/,ORS,571).
K8R6X0_9BURK,Bacteria,Proteobacteria,Betaproteobacteria,Burkholderiales,Burkholderiaceae,Burkholderia,sp.,SJ98.,,,,,,,,,,,,,,,,,
A0A026HHD7_ECOLX,Bacteria,Proteobacteria,Gammaproteobacteria,Enterobacteriales,Enterobacteriaceae,Escherichia,coli,O26:NM,str.,2010C-4788.,,,,,,,,,,,,,,,
K8RD38_9BURK,Bacteria,Proteobacteria,Betaproteobacteria,Burkholderiales,Burkholderiaceae,Burkholderia,sp.,SJ98.,,,,,,,,,,,,,,,,,
A0A060DLJ1_AZOBR,Bacteria,Proteobacteria,Alphaproteobacteria,Rhodospirillales,Rhodospirillaceae,Azospirillum,brasilense.,,,,,,,,,,,,,,,,,,
A0A060DNI4_AZOBR,Bacteria,Proteobacteria,Alphaproteobacteria,Rhodospirillales,Rhodospirillaceae,Azospirillum,brasilense.,,,,,,,,,,,,,,,,,,
A0A089V9B9_9ENTR,Bacteria,Proteobacteria,Gammaproteobacteria,Enterobacteriales,Enterobacteriaceae,Cedecea,neteri.,,,,,,,,,,,,,,,,,,
A0A089V8H6_9ENTR,Bacteria,Proteobacteria,Gammaproteobacteria,Enterobacteriales,Enterobacteriaceae,Cedecea,neteri.,,,,,,,,,,,,,,,,,,
A0A060DUT7_AZOBR,Bacteria,Proteobacteria,Alphaproteobacteria,Rhodospirillales,Rhodospirillaceae,Azospirillum,brasilense.,,,,,,,,,,,,,,,,,,
K0DYQ5_9BURK,Bacteria,Proteobacteria,Betaproteobacteria,Burkholderiales,Burkholderiaceae,Burkholderia,phenoliruptrix,BR3459a.,,,,,,,,,,,,,,,,,
A0A025FRQ8_ECOLX,Bacteria,Proteobacteria,Gammaproteobacteria,Enterobacteriales,Enterobacteriaceae,Escherichia,coli,O103:H11,str.,2010C-3214.,,,,,,,,,,,,,,,
U4JY44_9VIBR,Bacteria,Proteobacteria,Gammaproteobacteria,Vibrionales,Vibrionaceae,Vibrio,nigripulchritudo.,,,,,,,,,,,,,,,,,,
Q1LF50_RALME,Bacteria,Proteobacteria,Betaproteobacteria,Burkholderiales,Burkholderiaceae,Ralstonia,metallidurans,(strain,CH34,/,ATCC,43123,/,DSM,2839).,,,,,,,,,,
K4V8G0_ECOLX,Bacteria,Proteobacteria,Gammaproteobacteria,Enterobacteriales,Enterobacteriaceae,Escherichia,coli,O111:H8,str.,CVM9634.,,,,,,,,,,,,,,,
U3QYI9_RALPI,Bacteria,Proteobacteria,Betaproteobacteria,Burkholderiales,Burkholderiaceae,Ralstonia,pickettii,DTP0602.,,,,,,,,,,,,,,,,,
U3QYJ5_RALPI,Bacteria,Proteobacteria,Betaproteobacteria,Burkholderiales,Burkholderiaceae,Ralstonia,pickettii,DTP0602.,,,,,,,,,,,,,,,,,
E3PEY1_ECOH1,Bacteria,Proteobacteria,Gammaproteobacteria,Enterobacteriales,Enterobacteriaceae,Escherichia,coli,O78:H11,(strain,H10407,/,ETEC).,,,,,,,,,,,,,
A0A0E0XXW4_ECO1C,Bacteria,Proteobacteria,Gammaproteobacteria,Enterobacteriales,Enterobacteriaceae,Escherichia,coli,O104:H4,(strain,2011C-3493).,,,,,,,,,,,,,,,
A0A0E3KNL3_ECOLX,Bacteria,Proteobacteria,Gammaproteobacteria,Enterobacteriales,Enterobacteriaceae,Escherichia,coli,VR50.,,,,,,,,,,,,,,,,,
B2T9D3_BURPP,Bacteria,Proteobacteria,Betaproteobacteria,Burkholderiales,Burkholderiaceae,Burkholderia,phytofirmans,(strain,DSM,17436,/,PsJN).,,,,,,,,,,,,,
B2T896_BURPP,Bacteria,Proteobacteria,Betaproteobacteria,Burkholderiales,Burkholderiaceae,Burkholderia,phytofirmans,(strain,DSM,17436,/,PsJN).,,,,,,,,,,,,,
V5UH64_9BURK,Bacteria,Proteobacteria,Betaproteobacteria,Burkholderiales,Burkholderiaceae,Pandoraea,sp.,RB-44.,,,,,,,,,,,,,,,,,
V5UHU9_9BURK,Bacteria,Proteobacteria,Betaproteobacteria,Burkholderiales,Burkholderiaceae,Pandoraea,sp.,RB-44.,,,,,,,,,,,,,,,,,
B8IWI0_METNO,Bacteria,Proteobacteria,Alphaproteobacteria,Rhizobiales,Methylobacteriaceae,Methylobacterium,nodulans,(strain,ORS2060,/,LMG,21967).,,,,,,,,,,,,,
V5PV46_9BURK,Bacteria,Proteobacteria,Betaproteobacteria,Burkholderiales,Burkholderiaceae,Pandoraea,pnomenusa,3kgm.,,,,,,,,,,,,,,,,,
B8IFZ2_METNO,Bacteria,Proteobacteria,Alphaproteobacteria,Rhizobiales,Methylobacteriaceae,Methylobacterium,nodulans,(strain,ORS2060,/,LMG,21967).,,,,,,,,,,,,,
V5PU20_9BURK,Bacteria,Proteobacteria,Betaproteobacteria,Burkholderiales,Burkholderiaceae,Pandoraea,pnomenusa,3kgm.,,,,,,,,,,,,,,,,,
B8IFX5_METNO,Bacteria,Proteobacteria,Alphaproteobacteria,Rhizobiales,Methylobacteriaceae,Methylobacterium,nodulans,(strain,ORS2060,/,LMG,21967).,,,,,,,,,,,,,
B1ZBY6_METPB,Bacteria,Proteobacteria,Alphaproteobacteria,Rhizobiales,Methylobacteriaceae,Methylobacterium,populi,(strain,ATCC,BAA-705,/,NCIMB,13946,/,BJ001).,,,,,,,,,,
B1ZBX5_METPB,Bacteria,Proteobacteria,Alphaproteobacteria,Rhizobiales,Methylobacteriaceae,Methylobacterium,populi,(strain,ATCC,BAA-705,/,NCIMB,13946,/,BJ001).,,,,,,,,,,
H5WKJ9_9BURK,Bacteria,Proteobacteria,Betaproteobacteria,Burkholderiales.,NA,Burkholderiales,bacterium,JOSHI_001.,,,,,,,,,,,,,,,,,
H5WKK1_9BURK,Bacteria,Proteobacteria,Betaproteobacteria,Burkholderiales.,NA,Burkholderiales,bacterium,JOSHI_001.,,,,,,,,,,,,,,,,,
E0SNC9_DICD3,Bacteria,Proteobacteria,Gammaproteobacteria,Enterobacteriales,Enterobacteriaceae,Dickeya,dadantii,(strain,3937),(Erwinia,chrysanthemi,(strain,3937)).,,,,,,,,,,,,
E0SND1_DICD3,Bacteria,Proteobacteria,Gammaproteobacteria,Enterobacteriales,Enterobacteriaceae,Dickeya,dadantii,(strain,3937),(Erwinia,chrysanthemi,(strain,3937)).,,,,,,,,,,,,
A0A025CVH8_ECOLX,Bacteria,Proteobacteria,Gammaproteobacteria,Enterobacteriales,Enterobacteriaceae,Escherichia,coli,O145:NM,str.,2010C-3526.,,,,,,,,,,,,,,,
F5N484_SHIFL,Bacteria,Proteobacteria,Gammaproteobacteria,Enterobacteriales,Enterobacteriaceae,Shigella,flexneri,VA-6.,,,,,,,,,,,,,,,,,
C8U7R0_ECO10,Bacteria,Proteobacteria,Gammaproteobacteria,Enterobacteriales,Enterobacteriaceae,Escherichia,coli,O103:H2,(strain,12009,/,EHEC).,,,,,,,,,,,,,
K4VQM9_ECOLX,Bacteria,Proteobacteria,Gammaproteobacteria,Enterobacteriales,Enterobacteriaceae,Escherichia,coli,O111:H11,str.,CVM9455.,,,,,,,,,,,,,,,
G0ABP4_COLFT,Bacteria,Proteobacteria,Betaproteobacteria,Burkholderiales,Oxalobacteraceae,Collimonas,fungivorans,(strain,Ter331).,,,,,,,,,,,,,,,,
G0A8Y5_COLFT,Bacteria,Proteobacteria,Betaproteobacteria,Burkholderiales,Oxalobacteraceae,Collimonas,fungivorans,(strain,Ter331).,,,,,,,,,,,,,,,,
A0A0D6EZY5_9RHIZ,Bacteria,Proteobacteria,Alphaproteobacteria,Rhizobiales,Hyphomicrobiaceae,Filomicrobium,sp.,W.,,,,,,,,,,,,,,,,,
K0BLQ8_ECO1E,Bacteria,Proteobacteria,Gammaproteobacteria,Enterobacteriales,Enterobacteriaceae,Escherichia,coli,O104:H4,(strain,2009EL-2071).,,,,,,,,,,,,,,,
B0UJR8_METS4,Bacteria,Proteobacteria,Alphaproteobacteria,Rhizobiales,Methylobacteriaceae,Methylobacterium,sp.,(strain,4-46).,,,,,,,,,,,,,,,,
B0UIN3_METS4,Bacteria,Proteobacteria,Alphaproteobacteria,Rhizobiales,Methylobacteriaceae,Methylobacterium,sp.,(strain,4-46).,,,,,,,,,,,,,,,,
A0A097R1J3_HAFAL,Bacteria,Proteobacteria,Gammaproteobacteria,Enterobacteriales,Enterobacteriaceae,Hafnia,alvei,FB1.,,,,,,,,,,,,,,,,,
A0A0C4YNY0_9BURK,Bacteria,Proteobacteria,Betaproteobacteria,Burkholderiales,Burkholderiaceae,Cupriavidus,basilensis.,,,,,,,,,,,,,,,,,,
D5WFL9_BURSC,Bacteria,Proteobacteria,Betaproteobacteria,Burkholderiales,Burkholderiaceae,Burkholderia,sp.,(strain,CCGE1002).,,,,,,,,,,,,,,,,
D5WNJ6_BURSC,Bacteria,Proteobacteria,Betaproteobacteria,Burkholderiales,Burkholderiaceae,Burkholderia,sp.,(strain,CCGE1002).,,,,,,,,,,,,,,,,
E3XXH4_SHIFL,Bacteria,Proteobacteria,Gammaproteobacteria,Enterobacteriales,Enterobacteriaceae,Shigella,flexneri,2a,str.,2457T.,,,,,,,,,,,,,,,
H9UUZ1_ECOLX,Bacteria,Proteobacteria,Gammaproteobacteria,Enterobacteriales,Enterobacteriaceae,Escherichia,coli,P12b.,,,,,,,,,,,,,,,,,
E1TF03_BURSG,Bacteria,Proteobacteria,Betaproteobacteria,Burkholderiales,Burkholderiaceae,Burkholderia,sp.,(strain,CCGE1003).,,,,,,,,,,,,,,,,
W8ZV13_ECOLX,Bacteria,Proteobacteria,Gammaproteobacteria,Enterobacteriales,Enterobacteriaceae,Escherichia,coli,ST131.,,,,,,,,,,,,,,,,,
I0DUF2_PROSM,Bacteria,Proteobacteria,Gammaproteobacteria,Enterobacteriales,Enterobacteriaceae,Providencia,stuartii,(strain,MRSN,2154).,,,,,,,,,,,,,,,
I0DUF5_PROSM,Bacteria,Proteobacteria,Gammaproteobacteria,Enterobacteriales,Enterobacteriaceae,Providencia,stuartii,(strain,MRSN,2154).,,,,,,,,,,,,,,,
C8UDV8_ECO1A,Bacteria,Proteobacteria,Gammaproteobacteria,Enterobacteriales,Enterobacteriaceae,Escherichia,coli,O111:H-,(strain,11128,/,EHEC).,,,,,,,,,,,,,
G8MC30_9BURK,Bacteria,Proteobacteria,Betaproteobacteria,Burkholderiales,Burkholderiaceae,Burkholderia,sp.,YI23.,,,,,,,,,,,,,,,,,
G8MAA4_9BURK,Bacteria,Proteobacteria,Betaproteobacteria,Burkholderiales,Burkholderiaceae,Burkholderia,sp.,YI23.,,,,,,,,,,,,,,,,,
J9Z2F1_9PROT,Bacteria,Proteobacteria,Alphaproteobacteria,SAR11,cluster.,alpha,proteobacterium,HIMB59.,,,,,,,,,,,,,,,,,
A7IEQ2_XANP2,Bacteria,Proteobacteria,Alphaproteobacteria,Rhizobiales,Xanthobacteraceae,Xanthobacter,autotrophicus,(strain,ATCC,BAA-1158,/,Py2).,,,,,,,,,,,,,
A7ICK2_XANP2,Bacteria,Proteobacteria,Alphaproteobacteria,Rhizobiales,Xanthobacteraceae,Xanthobacter,autotrophicus,(strain,ATCC,BAA-1158,/,Py2).,,,,,,,,,,,,,
A7ICK4_XANP2,Bacteria,Proteobacteria,Alphaproteobacteria,Rhizobiales,Xanthobacteraceae,Xanthobacter,autotrophicus,(strain,ATCC,BAA-1158,/,Py2).,,,,,,,,,,,,,
M1SM30_9PROT,Bacteria,Proteobacteria,Betaproteobacteria.,NA,NA,beta,proteobacterium,CB.,,,,,,,,,,,,,,,,,
M1STY5_9PROT,Bacteria,Proteobacteria,Betaproteobacteria.,NA,NA,beta,proteobacterium,CB.,,,,,,,,,,,,,,,,,
A0A0E0V7G4_ECOLX,Bacteria,Proteobacteria,Gammaproteobacteria,Enterobacteriales,Enterobacteriaceae,Escherichia,coli,O7:K1,str.,CE10.,,,,,,,,,,,,,,,
A0A0E1M495_ECOLX,Bacteria,Proteobacteria,Gammaproteobacteria,Enterobacteriales,Enterobacteriaceae,Escherichia,coli,1303.,,,,,,,,,,,,,,,,,
A0A0A3XW75_BRAJP,Bacteria,Proteobacteria,Alphaproteobacteria,Rhizobiales,Bradyrhizobiaceae,Bradyrhizobium,japonicum.,,,,,,,,,,,,,,,,,,
A0A0E2A625_ECOLX,Bacteria,Proteobacteria,Gammaproteobacteria,Enterobacteriales,Enterobacteriaceae,Escherichia,coli,O26:H11,str.,CVM9942.,,,,,,,,,,,,,,,
A0A0E2L3D5_ECOU3,Bacteria,Proteobacteria,Gammaproteobacteria,Enterobacteriales,Enterobacteriaceae,Escherichia,coli,(strain,UMEA,3162-1).,,,,,,,,,,,,,,,
D7A6Q8_STAND,Bacteria,Proteobacteria,Alphaproteobacteria,RhizobialesXanthobacteraceae,Starkeya.,Starkeya,novella,(strain,ATCC,8093,/,DSM,506,/,CCM,1077,/,IAM,12100,/,NBRC,12443,/,NCIB,9113).
D7A6Q9_STAND,Bacteria,Proteobacteria,Alphaproteobacteria,Rhizobiales,Xanthobacteraceae,Starkeya,novella,(strain,ATCC,8093,/,DSM,506,/,CCM,1077,/,IAM,12100,/,NBRC,12443,/,NCIB,9113).
I6BH52_SHIFL,Bacteria,Proteobacteria,Gammaproteobacteria,Enterobacteriales,Enterobacteriaceae,Shigella,flexneri,2850-71.,,,,,,,,,,,,,,,,,
A0A0A1PPP9_9BACT,Bacteria.,NA,NA,NA,NA,bacterium,YEK0313.,,,,,,,,,,,,,,,,,,
